Date,Open,Close,High,Low,Volume,Log_Returns,Log_Trading_Range,Log_Volume_Change,Previous_10_Day_Volatility,Previous_30_Day_Volatility,Next_10_Days_Volatility,SMA14,EMA14,RSI14,MACD_h,MACD_sl,GARCH_rolling_predictions,GARCH_forward_looking_predictions
2021-03-18,47.0,47.6,47.87,46.16,2343661.0,0.017377000081341354,0.03637538120457329,0.1803582693454917,0.04211239205020759,0.13299030089163832,0.027254819424538657,0.0,47.6,0.0,0.0,0.0,0,0.0
2021-03-19,47.58,47.63,48.97,47.01,2871103.0,0.0006300535753944736,0.04084752067818709,0.202982039814545,0.04038272023967053,0.1303644963577325,0.026619438691757997,0.0,47.604000000000006,0.0,0.0,0.0,0,0.0
2021-03-22,47.6,48.58,49.24,47.6,2574815.0,0.01974910876125735,0.03387354007887833,-0.10891858962223644,0.034678038326561314,0.09761050026974072,0.026940406464623947,0.0,47.73413333333334,0.0,0.0,0.0,0,0.0
2021-03-23,48.6,51.46,52.96,48.6,4488841.0,0.057592883279571794,0.08591338072230448,0.5558168523825913,0.026149947124192212,0.05655348239506614,0.029347040421272813,0.0,48.23091555555556,0.0,0.0,0.0,0,0.0
2021-03-24,50.0,50.14,51.29,49.02,2970170.0,-0.025985714123450965,0.045267423301210474,-0.41297534902339095,0.028260254587042954,0.05213516992509532,0.022147570795828894,0.0,48.48546014814816,0.0,0.0,0.0,0,0.0
2021-03-25,50.08,48.78,50.08,48.05,1882751.0,-0.027498699942372973,0.041379591375541924,-0.4558851850966086,0.029895545172528473,0.047521458844059936,0.024830060249582724,0.0,48.524732128395065,0.0,0.0,0.0,0,0.0
2021-03-26,48.5,48.46,49.45,48.22,1646106.0,-0.0065816773993945255,0.02518818531569611,-0.13432150641384588,0.02953677402686902,0.039880120562028,0.027471479688816886,0.0,48.516101177942396,0.0,0.0,0.0,0,0.0
2021-03-29,48.46,46.99,48.5,46.69,1795030.0,-0.03080390227365548,0.03803378896059195,0.0866092361692008,0.027826104638437477,0.038817636130142774,0.03331812668336843,0.0,48.312621020883405,0.0,0.0,0.0,0,0.0
2021-03-30,47.13,46.25,47.19,46.2,1307119.0,-0.01587334915629013,0.0212022076506031,-0.31719625619306235,0.028316037621671643,0.03663886178800515,0.03999212572376552,0.0,48.037604884765614,0.0,0.0,0.0,0,0.0
2021-03-31,46.13,46.38,46.67,46.05,976188.0,0.002806867868951457,0.013373797260408438,-0.29192556686708215,0.02725481942453868,0.036536500549652996,0.04230492580341255,0.0,47.816590900130194,0.0,0.0,0.0,0,0.0
2021-04-01,46.38,46.63,46.66,46.16,963104.0,0.005375778992843916,0.010773644393439863,-0.013493789001186585,0.026619438691758018,0.03644597326015655,0.048374087613278605,0.0,47.65837878011284,0.0,0.0,0.0,0,0.0
2021-04-02,46.5,47.15,47.48,46.19,1410664.0,0.011089898259236897,0.02754524529895308,0.3816543926957632,0.026940406464623968,0.03499831864556134,0.048392642421730615,0.0,47.59059494276447,0.0,0.0,0.0,0,0.0
2021-04-06,47.3,49.08,49.08,47.3,2088535.0,0.04011761076324438,0.036941324344823556,0.3924023477268097,0.02934704042127283,0.03540962771158203,0.04886308556626976,0.0,47.789182283729204,0.0,0.0,0.0,0,0.0
2021-04-07,48.8,49.59,50.89,47.8,2845905.0,0.010337580658331902,0.06264080110333126,0.30941825567407477,0.02214757079582892,0.03488115344901753,0.051827639934296926,48.19428571428572,48.02929131256531,61.227894795994914,0.0,0.0,0,0.0
2021-04-08,49.38,51.72,52.6,48.81,4522942.0,0.04205535340261424,0.07478090984460817,0.4632815481383332,0.02483006024958275,0.03551380969614769,0.05178292880557324,48.48857142857143,48.52138580422327,69.93062855132337,0.0,0.0,0,0.0
2021-04-09,50.99,49.5,50.99,48.81,3019292.0,-0.04387188432901201,0.04369432516800842,-0.40414030025013403,0.027471479688816906,0.035770058258023395,0.050448622798989116,48.62214285714286,48.651867696993506,55.85788284712997,0.0,0.0,0,0.0
2021-04-12,49.85,52.7,57.77,48.6,4644609.0,0.0626427859726717,0.17284607888672587,0.43068482537283437,0.03331812668336845,0.03397617998988276,0.05010101289247494,48.916428571428575,49.191618670727706,66.36501756577199,0.0,0.0,0,0.0
2021-04-13,51.88,57.96,59.59,51.88,5729374.0,0.0951376619051647,0.1385544153106446,0.2098990830059293,0.039992125723765544,0.037767363468175316,0.044896387437152255,49.38071428571429,50.36073618129735,76.33602901564032,0.0,0.0,0,0.0
2021-04-14,55.7,55.98,57.79,54.22,4221787.0,-0.03475863336517371,0.06376590625916734,-0.3053477770649824,0.042304925803412566,0.038543820481450934,0.02662382506777411,49.79785714285715,51.109971357124365,68.14655439609935,0.0,0.0,0,0.0
2021-04-15,55.1,52.96,58.95,52.96,4031706.0,-0.05545757245855487,0.10715271535462723,-0.046068886685946,0.04837408761327862,0.039955941426501516,0.026419363330457298,50.09642857142857,51.356641842841114,57.936957444663776,0.0,0.0,0,0.0
2021-04-16,53.0,54.24,54.99,52.18,3205460.0,0.0238817320033875,0.05245207081114067,-0.2293340056290223,0.04839264242173063,0.03936864424680643,0.022861756993013068,50.50928571428572,51.74108959712897,60.62927230078192,0.0,0.0,0,0.0
2021-04-19,53.68,53.9,54.6,52.72,2647822.0,-0.006288165717188932,0.035038992556607695,-0.1911181905432766,0.048863085566269775,0.038949544497609484,0.026067672145654003,51.002857142857145,52.02894431751177,59.539134714474535,0.0,0.0,0,0.0
2021-04-20,53.53,51.18,53.79,51.0,3392840.0,-0.051781647183308355,0.053261943560825475,0.24792991350943971,0.05182763993429694,0.03856616158094458,0.026289903956800954,51.355000000000004,51.915751741843536,51.55314426011879,0.0,0.0,0,0.0
2021-04-21,50.95,51.33,51.8,50.24,1837300.0,0.0029265458405687284,0.030578627105493972,-0.613370226137441,0.051782928805573246,0.03504366257438188,0.023078416464004988,51.70857142857143,51.837651509597734,51.93601579094078,0.0,0.0,0,0.0
2021-04-22,51.3,50.18,51.3,49.72,1811891.0,-0.022658835633935226,0.03128348553421345,-0.013926051357506353,0.050448622798989116,0.03524541643111232,0.02395884956289044,51.96214285714286,51.616631308318034,48.7547794189274,0.0,0.0,0,0.0
2021-04-23,50.12,48.22,50.14,47.86,1914212.0,-0.039842668185251284,0.04653901024992013,0.05493499841138849,0.05010101289247494,0.03601900281136022,0.025937957003111325,52.03857142857142,51.16374713387563,43.82740075754219,0.0,0.0,0,0.0
2021-04-26,48.4,48.6,49.18,47.82,1197583.0,0.00784965815342309,0.028043074757867714,-0.4690006907316846,0.044896387437152255,0.03588679103124361,0.0230570849422315,52.00428571428572,50.82191418269221,44.9882253662861,0.0,0.0,0,0.0
2021-04-27,48.52,47.21,48.85,46.1,1629544.0,-0.029017796348252745,0.05794142848618922,0.3079948621130768,0.02662382506777409,0.03541736897831958,0.022948770516524532,51.83428571428571,50.34032562499991,41.60159387019953,0.0,0.0,0,0.0
2021-04-28,47.98,46.88,48.22,46.71,1137567.0,-0.007014589289437989,0.03181559823900848,-0.35940844987155884,0.02641936333045728,0.03542392168822429,0.02117990054008372,51.488571428571426,49.87894887499993,40.81602616069492,0.0,0.0,0,0.0
2021-04-29,47.2,46.33,47.69,46.25,1070229.0,-0.011801445840200486,0.030660268351698772,-0.061019126940596635,0.02286175699301305,0.035234692962581485,0.021098263385224525,51.262142857142855,49.4057556916666,39.478007078333945,0.0,0.0,0,0.0
2021-04-30,46.36,48.21,48.5,46.35,1653161.0,0.03977676898897409,0.045342505931573296,0.4348165684983609,0.02606767214565399,0.035854574464679996,0.0214071745814886,50.941428571428574,49.246321599444386,45.99497525340065,0.0,0.0,0,0.0
2021-05-06,48.13,48.21,48.6,47.31,1004200.0,0.0,0.026901841263391457,-0.498498008146564,0.02628990395680094,0.03585463441053453,0.017131364672893484,50.245,49.108145386185136,45.99497525340066,0.0,0.0,0,0.0
2021-05-07,48.0,48.92,49.53,48.0,1312901.0,0.014619842401440764,0.03137753569225499,0.2680479880118032,0.023078416464004978,0.03577133500159637,0.017155401385797485,49.74071428571428,49.083059334693786,48.42730297545207,0.0,0.0,0,0.0
2021-05-10,49.39,49.74,50.89,49.29,1657258.0,0.01662312755628692,0.03194521988345489,0.23292523677154087,0.023958849562890433,0.03425590840456859,0.016378864619805266,49.51071428571429,49.17065142340128,51.16305420515654,-0.21009679986418844,-0.14179865176826284,0,0.0
2021-05-11,49.2,47.83,49.2,47.81,1491479.0,-0.03915638068305327,0.02865880086025019,-0.105396184313717,0.025937957003111318,0.03466732721379088,0.015716575190821477,49.05285714285714,48.99189790028111,45.15459753762125,-0.22547697168013142,-0.1981678946882957,0,0.0
2021-05-12,47.05,47.3,47.5,46.31,1139774.0,-0.011142762194318312,0.025371790547934925,-0.26893824794898613,0.023057084942231493,0.034372893683245566,0.010480230106558257,48.58142857142857,48.76631151357696,43.623665840062245,-0.2553137929268366,-0.2619963429200049,0,0.0
2021-05-13,47.0,46.77,47.59,46.71,788274.0,-0.011268323760092347,0.01866438061900233,-0.3687395309664332,0.02294877051652452,0.034409640224218496,0.01045935313763871,48.26642857142857,48.50013664510003,42.08697591438283,-0.29206575471337876,-0.33501278159834963,0,0.0
2021-05-14,47.11,46.79,47.43,46.51,886343.0,0.0004275331403302829,0.019587596653484418,0.11725826371639592,0.02117990054008371,0.033951981029125285,0.010180987525928793,47.942142857142855,48.27211842575336,42.16976210030076,-0.2954600020216345,-0.4088777821037583,0,0.0
2021-05-17,46.8,46.62,46.9,46.02,756700.0,-0.003639871270514128,0.01894159084501368,-0.15813713517073325,0.021098263385224518,0.03382977108857118,0.012887434953146083,47.68785714285714,48.051835968986246,41.625083444146746,-0.28922029110393604,-0.4811828548797424,0,0.0
2021-05-18,46.42,47.45,47.5,46.21,876672.0,0.017646891448325874,0.027533486158420217,0.1471660464349096,0.021407174581488598,0.033976390966820744,0.012932764152931462,47.63285714285714,47.97159117312142,45.33738673974528,-0.21279244240359252,-0.5343809654806406,0,0.0
2021-05-19,47.39,46.95,47.8,46.4,890348.0,-0.010593319401664747,0.029726180265200686,0.015479477401783015,0.017131364672893473,0.03402664266252745,0.011664717245471733,47.51499999999999,47.835379016705225,43.541030460187024,-0.18077099868894153,-0.579573715152876,0,0.0
2021-05-20,46.9,46.62,46.9,46.31,543524.0,-0.007053572046661127,0.012659754959573277,-0.4935385337171798,0.017155401385797475,0.033988145209127435,0.011227263753385041,47.472857142857144,47.67332848114453,42.34841142850695,-0.1670002297955302,-0.6213237726017586,0,0.0
2021-05-21,46.65,46.92,47.5,46.48,670824.0,0.006414390177663876,0.021707598496939706,0.2104329436643546,0.016378864619805252,0.033150172920966794,0.011375921075660685,47.47571428571429,47.57288468365859,43.85402546536107,-0.12480476125674345,-0.6525249629159445,0,0.0
2021-05-24,47.9,47.46,48.26,47.08,883115.0,0.011443227222342589,0.024754777804809613,0.2749486224650024,0.015716575190821463,0.033164399068944944,0.01171880813272916,47.55642857142857,47.557833392504115,46.55942070848329,-0.05140450323113677,-0.6653760887237288,0,0.0
2021-05-25,46.85,46.96,47.4,46.48,993000.0,-0.01059107548777627,0.019600116157375336,0.11727523409582652,0.01048023010655824,0.0321598851248437,0.011370054214436135,47.46714285714285,47.478122273503566,44.42490416466126,-0.02854665961574776,-0.6725127536276658,0,0.0
2021-05-26,46.96,47.4,47.76,46.56,923393.0,0.009326053181189842,0.025446665661164047,-0.07267573468111266,0.010459353137638697,0.03129602749986575,0.011829189857497908,47.409285714285716,47.46770597036976,46.73893508689088,0.021487599483755226,-0.667140853756727,0,0.0
2021-05-27,47.39,47.96,48.38,47.29,1066609.0,0.011745101458282559,0.022787648526096937,0.14418480679421997,0.010180987525928786,0.02899713379072469,0.011365080886227867,47.340714285714284,47.53334517432046,49.61444593503427,0.09354177584675061,-0.6437554097950394,0,0.0
2021-05-28,47.85,46.9,48.08,46.73,1084900.0,-0.022349654707079836,0.028479933514617084,0.017003359670125562,0.012887434953146072,0.022463921535356635,0.010620136188272717,47.137857142857136,47.44889915107773,44.69550574197103,0.07202259475165407,-0.625749761107126,0,0.0
2021-05-31,46.86,47.19,47.41,46.66,591493.0,0.006164330286062558,0.015945910320742662,-0.6065932467995161,0.012932764152931453,0.02196068185672612,0.008621126919315748,47.09214285714286,47.414379264267374,46.265132503853,0.07897120914251687,-0.6060069588214968,0,0.0
2021-06-01,47.24,47.38,47.55,46.88,811730.0,0.004018192992343295,0.014190643722642005,0.3165179235230404,0.01166471724547172,0.019901348406385723,0.011983135669329688,47.097857142857144,47.40979536236506,47.32005741737519,0.09683687064108515,-0.5817977411612256,0,0.0
2021-06-02,47.62,47.15,47.66,47.05,861912.0,-0.004866189651173247,0.012881605639207372,0.059985404733359005,0.011227263753385026,0.019206914183984836,0.016078833765966787,47.125,47.375155980716386,46.13920826299513,0.09358444865134818,-0.5584016289983886,0,0.0
2021-06-03,47.2,47.69,48.18,47.0,1333816.0,0.011387723230666502,0.024796395476666788,0.4366461086424387,0.011375921075660675,0.01942541914681703,0.016853145781119582,47.18928571428571,47.417135183287535,49.33589543686664,0.12619242164242284,-0.5268535235877829,0,0.0
2021-06-04,48.0,47.3,48.88,47.12,1146389.0,-0.008211436812245676,0.036670775520008636,-0.15142700471450965,0.011718808132729148,0.017242118256123054,0.01778798765429777,47.237857142857145,47.401517158849195,47.15895230514329,0.11992958624441108,-0.49687112702668024,0,0.0
2021-06-07,47.22,46.92,47.25,46.0,848336.0,-0.008066271712612316,0.02681125745065671,-0.30109549748317654,0.01137005421443612,0.01723681249239979,0.0172997041116694,47.199999999999996,47.33731487100264,45.07208244775686,0.08999642223309429,-0.4743720214684067,0,0.0
2021-06-08,46.9,46.23,46.9,46.1,886721.0,-0.014815085785140791,0.01720472544963103,0.04425360569565129,0.01182918985749789,0.016985907823956724,0.01804985891927696,47.14857142857143,47.18967288820229,41.48248186117291,0.02680770490294604,-0.4676700952426702,0,0.0
2021-06-09,46.3,46.39,46.76,46.15,514765.0,0.003454980763518467,0.0131311756550061,-0.5438199035829676,0.011365080886227848,0.015498362583885277,0.01734551410183832,47.13214285714286,47.08304983644199,42.62359166696187,0.00027142205943531117,-0.46760223972781145,0,0.0
2021-06-10,46.39,46.62,46.65,46.09,618804.0,0.004945714843958449,0.012076920560935456,0.18407809695940536,0.010620136188272697,0.015448300517805297,0.019864538338711157,47.11071428571428,47.02130985824972,44.30491389779563,0.0025658687137488645,-0.4669607725493743,0,0.0
2021-06-11,46.48,46.16,46.74,46.16,673000.0,-0.009916011407766767,0.012486706910867618,0.08395674684259902,0.008621126919315727,0.014642815932116407,0.021434363315991897,47.017857142857146,46.90646854381642,41.67462201194698,-0.021229456779766787,-0.47226813674431606,0,0.0
2021-06-15,46.41,47.34,47.34,46.17,1097565.0,0.025241981885993692,0.025025367566940293,0.4891040390633652,0.011983135669329676,0.015334868871951459,0.02154516087170433,47.045,46.964272737974234,49.892564269696955,0.044579399156860045,-0.4611232869551011,0,0.0
2021-06-16,47.94,48.98,52.68,47.94,3144494.0,0.03405644743818392,0.0942856478688423,1.0525588971801465,0.01607883376596678,0.01633718556979362,0.02163270871400137,47.15785714285715,47.23303637291101,58.61926773996646,0.19235513100821955,-0.4130345042030462,0,0.0
2021-06-17,47.7,50.1,51.5,47.5,2936196.0,0.02260895656679729,0.0808520966290951,-0.06853812088882805,0.01685314578111958,0.015225902821077159,0.018699098971883377,47.31071428571429,47.61529818985621,63.31780057847028,0.35013586323101376,-0.3255005383952928,0,0.0
2021-06-18,50.65,49.43,50.65,48.8,1816542.0,-0.013463480771951364,0.03720891783559077,-0.48018017221816756,0.017787987654297763,0.015461580846413817,0.017011231744292036,47.49142857142857,47.85725843120871,59.00189885267978,0.3908847604629984,-0.22777934827954321,0,0.0
2021-06-21,49.32,49.64,50.35,49.05,1457794.0,0.004239433017538818,0.026158433153199212,-0.22001035963251958,0.01729970411166939,0.015257208265700373,0.017589081118617896,47.66642857142857,48.09495730704756,59.92395995972203,0.41141288500149026,-0.12492612702917066,0,0.0
2021-06-22,49.64,48.88,49.64,48.38,1344500.0,-0.015428645473066549,0.025710455154525302,-0.08090213743980534,0.01804985891927695,0.015210455106893084,0.018091027406683145,47.77357142857142,48.19962966610788,55.09465726028413,0.3553500756594254,-0.036088608114314316,0,0.0
2021-06-23,48.89,49.87,50.02,48.5,1504388.0,0.020051304694691297,0.030859127506035477,0.11236397425348166,0.01734551410183831,0.01380929800950493,0.018413022566820356,47.96785714285714,48.42234571062683,59.65577785240342,0.36509145485764694,0.055184255600097425,0,0.0
2021-06-24,49.8,48.74,49.8,48.69,956695.0,-0.022919571360970892,0.022541313835998,-0.45265681359067145,0.01986453833871115,0.014335293938468954,0.017390708713307258,48.042857142857144,48.46469961587658,53.034254162822656,0.2794414008300398,0.1250446058076074,0,0.0
2021-06-25,48.66,47.75,48.87,47.62,836300.0,-0.020520981270321315,0.025910870223346816,-0.13449723598425045,0.02143436331599189,0.014703154412164784,0.016807380622852763,48.074999999999996,48.369406333759706,48.00678431124758,0.1467893313145639,0.16174193863624836,0,0.0
2021-06-28,47.67,48.67,49.49,47.6,958008.0,0.019083756918623962,0.03893786772642027,0.1358687282792026,0.021545160871704327,0.015081289144074195,0.016002434974497017,48.199999999999996,48.409485489258415,52.51198689532677,0.11318832506604973,0.19003901990276081,0,0.0
2021-06-29,48.32,47.71,48.88,47.71,734829.0,-0.01992180431734747,0.024227295335324417,-0.2652183095829912,0.021632708714001362,0.015551323324218545,0.015268570209463341,48.30571428571428,48.31622075735729,47.85247778399485,0.02319683954018642,0.19583822978780746,0,0.0
2021-06-30,47.5,46.93,47.99,46.86,931229.0,-0.016483889721689238,0.023828222790504672,0.23686740002024465,0.01869909897188336,0.015522540750356762,0.014096598634986999,48.34428571428572,48.13139132304299,44.404851453391686,-0.08598729435881639,0.17434140619810337,0,0.0
2021-07-01,47.17,47.39,48.31,46.81,1038150.0,0.00975410617317074,0.03154172325433624,0.10869034285204648,0.017011231744292015,0.015504838181948533,0.012995060239532761,48.39928571428572,48.032539146637255,46.83744481630759,-0.12214751014631181,0.14380452866152543,0,0.0
2021-07-02,47.59,46.39,47.78,46.23,928300.0,-0.021327317215844577,0.03297820389752948,-0.11184060555009445,0.017589081118617875,0.01595120453120391,0.015119987549861127,48.41571428571429,47.81353392708562,42.48534703591364,-0.20353756079666635,0.09292013846235886,0,0.0
2021-07-05,46.24,46.87,47.08,46.24,525281.0,0.01029389317096241,0.018003058027953767,-0.5694215989078444,0.018091027406683124,0.016021950602410972,0.014313733178459178,48.38214285714286,47.68772940347421,45.12128569050095,-0.21409614902316149,0.039396101206568494,0,0.0
2021-07-06,47.0,47.37,47.37,46.36,787824.0,0.010611305001045235,0.021552098464109104,0.4053413571596458,0.018413022566820342,0.016002105759201808,0.014020598157820556,48.26714285714286,47.645365483010984,47.80478175882718,-0.17794112848658733,-0.005089180915078331,0,0.0
2021-07-07,47.02,47.92,47.94,47.02,804995.0,0.01154383687153393,0.019377185894314586,0.021561351561460995,0.01739070871330724,0.016010247530279687,0.01372748976619451,48.11142857142857,47.68198341860952,50.66269988870773,-0.11080578187368818,-0.032790626383500374,0,0.0
2021-07-08,48.02,47.09,48.04,46.73,795908.0,-0.017472289551730746,0.027647640499448123,-0.01135246494385278,0.016807380622852742,0.016256599886901164,0.016235211043324385,47.94428571428572,47.603052296128254,46.52284238514235,-0.11558774014793133,-0.061687561420483206,0,0.0
2021-07-09,47.01,47.48,47.48,46.6,567211.0,0.008247905486003848,0.01870802860986709,-0.3387522327334427,0.016002434974497,0.01618021057021961,0.015440708490496304,47.790000000000006,47.58664532331115,48.64628311319919,-0.08707439600282307,-0.08345616042118897,0,0.0
2021-07-12,47.42,48.1,48.43,47.35,893841.0,0.012973607370248441,0.022552636783050417,0.45479653846506274,0.015268570209463324,0.01580384147107417,0.019610024345057927,47.73428571428571,47.65509261353633,51.91511210282381,-0.024310395114722105,-0.0895337591998695,0,0.0
2021-07-13,47.72,47.69,48.0,47.18,699700.0,-0.0085604448015828,0.017230936928362084,-0.24487623525506663,0.014096598634986983,0.015861400381310474,0.01946316355239516,47.57857142857143,47.65974693173149,49.66379301186411,-0.00904572418898865,-0.09179519024711667,0,0.0
2021-07-14,47.75,48.06,48.19,47.18,921237.0,0.007728497998189976,0.02118145667271243,0.2750656603902577,0.012995060239532749,0.015905382440982253,0.019076875724089302,47.53000000000001,47.71311400750063,51.699419795326286,0.025445482470642572,-0.08543381962945604,0,0.0
2021-07-15,47.86,46.91,48.31,46.66,861736.0,-0.024219357967956157,0.034751311973031385,-0.06676837288812543,0.015119987549861111,0.01651044887447369,0.023852867448875468,47.470000000000006,47.60603213983388,45.5356050073809,-0.02688142120321821,-0.0921541749302606,0,0.0
2021-07-16,46.78,46.2,46.91,46.14,757291.0,-0.015251074252673469,0.01655061959475912,-0.12920136753071887,0.014313733178459161,0.01658359265849506,0.02952784621086685,47.29357142857143,47.41856118785603,42.191113551014034,-0.10274013145488306,-0.11783920779398135,0,0.0
2021-07-19,46.13,46.48,46.66,46.13,420691.0,0.006042314455962483,0.011423769023554797,-0.5878489942721874,0.014020598157820538,0.016575764557590758,0.030907294506179243,47.205714285714286,47.29341969614189,43.93982359973655,-0.12595783051943654,-0.1493286654238405,0,0.0
2021-07-20,46.19,46.8,47.0,46.13,466823.0,0.006861090379945534,0.018684104140329172,0.1040515733841918,0.013727489766194492,0.01656742642203529,0.03516379858865893,47.19642857142857,47.227630403322976,45.95205989765753,-0.11212426352024962,-0.17735973130390292,0,0.0
2021-07-21,46.75,48.14,48.61,46.7,1409850.0,0.028230229431324805,0.0400851063825125,1.105288423899152,0.01623521104332437,0.017103088516041136,0.037663109236372866,47.25,47.34927968287992,53.481903524949374,-0.010443288224614988,-0.17997055336005668,0,0.0
2021-07-22,48.56,47.68,48.56,47.55,775141.0,-0.009601409597831623,0.021018357759843287,-0.5981936464454556,0.01544070849049629,0.017213427084201566,0.03708287333986872,47.34214285714285,47.3933757251626,50.862271568105136,0.02612046345379848,-0.1734404374966071,0,0.0
2021-07-23,47.53,49.6,50.1,47.26,2311914.0,0.03947881097378758,0.0583567363320574,1.092786083579636,0.01961002434505792,0.018591785536569018,0.039406579409180055,47.537142857142854,47.68759229514092,59.72884122342599,0.17177977468368644,-0.13049549382568548,0,0.0
2021-07-26,49.57,49.48,51.94,49.0,2713713.0,-0.0024222862065950146,0.058268908123976004,0.1602420549610315,0.019463163552395153,0.018475233970384437,0.03738334062069807,47.68785714285714,47.926579989122125,59.01212618432579,0.24760281228094067,-0.06859479075545033,0,0.0
2021-07-27,49.58,49.85,51.38,48.62,2193570.0,0.007449948883560431,0.05521402279376053,-0.2127874542638981,0.019076875724089296,0.017993168243772836,0.03748318030200215,47.82571428571429,48.18303599057251,60.582686470355426,0.306385375972811,0.008001553237752423,0,0.0
2021-07-28,48.9,47.83,49.91,46.38,1391857.0,-0.04136543871564191,0.07335305165413208,-0.454891526833503,0.023852867448875457,0.018579075237011043,0.0388133631689527,47.878571428571426,48.13596452516285,49.44372436712229,0.19818329085585606,0.05754737595171644,0,0.0
2021-07-29,48.2,50.95,51.0,47.83,2044339.0,0.06319170197652824,0.06417257503212026,0.38443568311157783,0.029527846210866848,0.02157719665610891,0.036010101862963995,48.12642857142857,48.51116925514114,61.28426672624113,0.3185616872076459,0.1371877977536279,0,0.0
2021-07-30,50.92,49.54,50.92,49.11,1590813.0,-0.028064335607520086,0.03619309363805279,-0.25082930355472755,0.030907294506179236,0.02206362162781377,0.030034746166628185,48.229285714285716,48.648346687788994,55.01357315973585,0.28607938293402924,0.20870764348713522,0,0.0
2021-08-02,49.97,52.61,52.68,49.1,2663770.0,0.06012579168150234,0.0703768420746056,0.5154972063076659,0.03516379858865893,0.024636701761786273,0.028358760307024666,48.580714285714286,49.17656712941712,63.71834867700689,0.444740830098302,0.3198928510117107,0,0.0
2021-08-03,53.0,51.05,53.0,50.5,1972871.0,-0.030100671132041512,0.04831857727080768,-0.30025257037766195,0.037663109236372866,0.02513392783676051,0.02553846972748684,48.79428571428571,49.426358178828174,57.61735849197675,0.4184007445686614,0.4244930371538761,0,0.0
2021-08-04,50.89,51.07,51.45,50.0,1382182.0,0.0003916960488781207,0.028587456851912663,-0.3558264323639957,0.037082873339868705,0.024887236299277082,0.029762739173439273,49.09142857142857,49.64551042165109,57.673313654928236,0.37736436213139957,0.5188341276867261,0,0.0
2021-08-05,50.68,49.17,51.22,48.97,1738702.0,-0.0379135592357045,0.0449222150571531,0.22947544796268815,0.03940657940918005,0.025522313909912345,0.031466140281414846,49.30357142857143,49.58210903209761,50.81033718737705,0.20587781623962442,0.5703035817466322,0,0.0
2021-08-06,49.1,49.57,50.2,48.95,1030782.0,0.008102130608634628,0.025215657721163964,-0.5228211203573423,0.03738334062069806,0.025250967989669956,0.029283880491966383,49.52428571428572,49.5804944944846,52.102570363819076,0.10792863283054144,0.5972857399542676,0,0.0
2021-08-09,49.56,50.03,51.28,49.5,1063282.0,0.009237013467631172,0.03532814303776988,0.03104261362295979,0.037483180302002136,0.02507450036218967,0.030359318811183228,49.754999999999995,49.64042856188666,53.61180592762018,0.06478897026092789,0.6134829825194996,0,0.0
2021-08-10,49.98,51.71,52.97,49.58,2050233.0,0.0330283609080162,0.06613818894939083,0.6565930941270022,0.0388133631689527,0.02541818272509264,0.032239950556113124,50.01,49.91637142030177,58.72684152802031,0.13597418860230182,0.6474765296700751,0,0.0
2021-08-11,52.49,51.12,52.76,50.71,1051600.0,-0.011475376338850651,0.03963019804218604,-0.6676406313546721,0.036010101862963995,0.02530413856705853,0.029798430519484154,50.25571428571429,50.0768552309282,56.37579466847027,0.12990837113755238,0.6799536224544631,0,0.0
2021-08-12,51.31,51.12,52.47,50.71,1046818.0,0.0,0.034118447891692494,-0.004557727085821028,0.030034746166628174,0.025275025137724543,0.029780588282184384,50.364285714285714,50.21594120013778,56.37579466847027,0.11309741540242668,0.7082279763050698,0,0.0
2021-08-13,50.87,51.51,52.3,50.81,1117099.0,0.007600153508214191,0.028903185465236625,0.06498005963149112,0.02835876030702466,0.024882401155554464,0.030199673838835425,50.50928571428572,50.388482373452746,57.67478458684991,0.11506399024770364,0.7369939738669958,0,0.0
2021-08-16,51.68,53.96,54.43,51.42,2178861.0,0.046467067762061554,0.05688827060836488,0.6680671167788166,0.025538469727486832,0.026071533351384155,0.03000145406533634,50.802857142857135,50.86468472365905,64.77151597000528,0.25989899973211417,0.8019687238000244,0,0.0
2021-08-17,53.66,51.11,53.69,51.08,1749557.0,-0.05426285855936719,0.049833733270139735,-0.21943965016585665,0.029762739173439266,0.028169942627629563,0.023335348684226844,51.037142857142854,50.89739342717118,53.527967375994315,0.1478627050749639,0.8389344000687655,0,0.0
2021-08-18,50.98,49.49,50.98,48.5,1850422.0,-0.03220954381639318,0.04986960100453208,0.05605110815342407,0.03146614028141484,0.028812631728841402,0.01873619778809005,50.93285714285714,50.70974097021502,48.38637905200456,-0.04114370141555801,0.8286484747148761,0,0.0
2021-08-19,49.74,48.89,49.9,48.65,981398.0,-0.012197752373240611,0.025369194125458794,-0.6341909144190865,0.029283880491966376,0.028711469322310706,0.018855574537135985,50.88642857142857,50.46710884085302,46.600991016103244,-0.20329766278580452,0.7778240590184251,0,0.0
2021-08-20,49.0,47.51,49.0,47.35,1159480.0,-0.028632661391724046,0.0342534784785391,0.16674882198398677,0.03035931881118322,0.029187148352048647,0.01858395046567871,50.52214285714285,50.07282766207262,42.69855991492276,-0.38943507445262393,0.6804652904052692,0,0.0
2021-08-23,47.53,49.04,49.6,47.5,1151012.0,0.03169607642912586,0.04326112269028659,-0.007330073348375876,0.03223995055611312,0.02966982285114021,0.01612340188447454,50.37857142857143,49.9351173071296,47.907096116408255,-0.39425021441293473,0.5819027368020355,0,0.0
2021-08-24,49.0,48.75,49.48,48.5,845609.0,-0.005931094184099983,0.020004749580849523,-0.30833975655473544,0.029798430519484144,0.029645565396416877,0.01219356462274859,50.212857142857146,49.77710166617899,47.03441190458631,-0.4004132218312746,0.4817994313442169,0,0.0
2021-08-25,48.87,48.75,49.18,48.3,751072.0,0.0,0.018055476129519743,-0.11855555849043675,0.029780588282184373,0.029616242528047638,0.012110972656236292,50.182857142857145,49.64015477735513,47.03441190458631,-0.3876782261920731,0.3848798747961986,0,0.0
2021-08-26,48.96,47.69,48.96,47.69,891251.0,-0.02198346513372318,0.02628190589393764,0.17112457440837936,0.030199673838835414,0.029554704849026687,0.012814110329109039,50.04857142857143,49.380134140374444,43.6627386672639,-0.43052904441654,0.2772476136920637,0,0.0
2021-08-27,47.45,47.85,48.08,47.38,557131.0,0.003349385588830689,0.014666091496312372,-0.46982569296283394,0.03000145406533633,0.029406531152650888,0.010963622992517581,49.892857142857146,49.176116254991186,44.31166115523836,-0.42713485055879963,0.17046390105236378,0,0.0
2021-08-30,48.13,46.99,48.17,46.91,664900.0,-0.018136304784239332,0.026505548301762882,0.17683625262373148,0.023335348684226827,0.029599086232892032,0.010878805138820355,49.55571428571428,48.88463408765902,41.541874403232356,-0.45905359866246065,0.05570050138674863,0,0.0
2021-08-31,47.06,46.98,47.38,46.42,572600.0,-0.00021283388395731961,0.02046979788434866,-0.1494492607443938,0.018736197788090034,0.02957370708218926,0.00912016034995554,49.26,48.63068287597116,41.509383572272164,-0.4561412908899596,-0.05833482133574128,0,0.0
2021-09-01,46.96,48.0,48.84,46.96,909056.0,0.021479031677124283,0.03925347372266286,0.4622193057764985,0.01885557453713597,0.029377525882176677,0.009134419781671992,49.037142857142854,48.54659182584167,46.13692905554532,-0.3647783880677421,-0.14952941835267683,0,0.0
2021-09-02,47.67,47.96,47.96,47.03,578819.0,-0.0008336807485775921,0.019581634202356923,-0.4514168776842986,0.018583950465678695,0.029323275242947706,0.006736824182831376,48.78357142857143,48.46837958239612,45.983287386364,-0.28958108009035854,-0.22192468837526647,0,0.0
2021-09-03,47.9,48.26,48.48,47.51,605813.0,0.0062357300375719404,0.020211126562228898,0.04558153683414368,0.016123401884474527,0.028401206438448297,0.006878463217821059,48.376428571428576,48.44059563807664,47.398127879015284,-0.20610000136816858,-0.2734496887173086,0,0.0
2021-09-06,48.49,48.31,48.5,48.0,537200.0,0.0010355183694299441,0.010362787035546273,-0.12020089294127523,0.01219356462274857,0.028401886172355336,0.006495435873234457,48.17642857142857,48.42318288633309,47.64426494818011,-0.13728770408055602,-0.30777161473744763,0,0.0
2021-09-07,48.35,48.36,48.5,48.02,550897.0,0.0010344471802765653,0.009946207150330011,0.025177394180344592,0.012110972656236275,0.0283617691577895,0.008222412031807907,48.09571428571429,48.41475850148868,47.90677248258543,-0.08096386269731948,-0.3280125804117775,0,0.0
2021-09-08,48.27,47.68,48.5,47.65,727334.0,-0.014161002989497629,0.017681167843226486,0.2778379354853424,0.012814110329109021,0.027447196376015462,0.008140442079757258,48.00928571428572,48.31679070129019,44.629425669918675,-0.08182249393588775,-0.34846820389574945,0,0.0
2021-09-09,47.68,47.37,47.68,47.11,520500.0,-0.006522905821434222,0.01202673004514443,-0.33459590625974656,0.010963622992517562,0.02471901652477802,0.00777763885994097,47.99928571428571,48.190551941118166,43.1791936795107,-0.09467795470967466,-0.3721376925731682,0,0.0
2021-09-10,47.35,47.26,47.5,46.82,456500.0,-0.00232484517689846,0.014419248977830534,-0.13120118802000036,0.010878805138820336,0.024240600947770342,0.007499380605378202,47.872142857142855,48.06647834896908,42.649595149943536,-0.1013995683488253,-0.39748758466037454,0,0.0
2021-09-13,47.18,47.33,47.43,46.86,394500.0,0.0014800721593948296,0.012090506809840473,-0.1459695597490942,0.00912016034995552,0.02127716953490614,0.008910417532229115,47.770714285714284,47.968281235773205,43.12763441894313,-0.09220595772798157,-0.4205390740923699,0,0.0
2021-09-14,47.33,47.46,47.88,47.07,430797.0,0.0027429070894609,0.017062025276721293,0.08801784118375622,0.009134419781671973,0.02069975014741282,0.011018259853242625,47.67857142857143,47.900510404336785,44.06019705996894,-0.06947972127249313,-0.4379090044104932,0,0.0
2021-09-15,47.35,46.85,47.38,46.68,433200.0,-0.012936242323186242,0.01488439131228425,0.005562533657149871,0.006736824182831341,0.020779957022772192,0.011325948231694766,47.618571428571435,47.760442350425215,40.688707773747254,-0.08652955686868002,-0.4595413936276632,0,0.0
2021-09-16,46.85,46.95,47.29,46.74,366010.0,0.002132196969840905,0.011698527545072501,-0.16853885969434756,0.0068784632178210256,0.019710226394482448,0.011294862940726432,47.55428571428571,47.65238337036852,41.47927695535368,-0.08210872360705562,-0.48006857452942714,0,0.0
2021-09-17,47.14,46.53,47.14,46.33,392090.0,-0.008985939797714781,0.017332198079428096,0.06883074984253668,0.006495435873234417,0.01966884031513142,0.011255395656945132,47.521428571428565,47.50273225431938,39.12073567840749,-0.09746028124118211,-0.5044336448397228,0,0.0
2021-09-22,46.41,47.12,47.17,46.26,364836.0,0.01260027348677406,0.019480440492877005,-0.07204346773328751,0.008222412031807878,0.019745180916730967,0.011521303488836643,47.53142857142857,47.451701287076794,43.942780684672265,-0.05972206426449622,-0.5193641609058468,0,0.0
2021-09-23,47.0,47.05,47.3,46.95,262300.0,-0.0014866733119429654,0.0074270898436150645,-0.3299590506689096,0.008140442079757226,0.01860666610288999,0.015236357017528207,47.46357142857143,47.39814111546656,43.50252292413523,-0.03267004422964237,-0.5275316719632575,0,0.0
2021-09-24,47.18,47.46,47.73,46.7,508449.0,0.008676384976229023,0.021815966342953352,0.6618760286006591,0.007777638859940943,0.01865934871981873,0.015520952396145685,47.427857142857135,47.40638896673769,46.86071615507785,0.01697290326829748,-0.5232884461461831,0,0.0
2021-09-27,48.33,47.55,48.34,47.2,516197.0,0.0018945379837820298,0.023865482683827377,0.015123560093247335,0.0074993806053781755,0.018671220717727376,0.01571403516951476,47.37714285714286,47.42553710450599,47.597051565916644,0.057712704000716375,-0.5088602701460041,0,0.0
2021-09-28,47.51,46.85,47.83,46.51,364600.0,-0.014830780306968272,0.027985714456199684,-0.34768761332217046,0.008910417532229091,0.018705503948779394,0.015664329404178355,47.27285714285715,47.3487988239052,42.64721480315142,0.04018904380694899,-0.49881300919426685,0,0.0
2021-09-29,46.5,45.84,47.26,45.83,445988.0,-0.0217939362779469,0.03072537323772906,0.20149118358393636,0.011018259853242602,0.01647979515525711,0.015377945624626597,47.09285714285714,47.14762564738451,36.71446483950715,-0.0328094804644351,-0.5070153793103757,0,0.0
2021-09-30,45.88,46.15,46.46,45.88,210088.0,0.006739888542377059,0.012562435081092893,-0.7527655552679153,0.011325948231694746,0.01379167124527124,0.013442325850825042,46.98357142857143,47.01460889439991,39.49655058126332,-0.05243777586433562,-0.5201248232764596,0,0.0
2021-10-08,46.49,46.58,46.96,46.18,214538.0,0.009274303507333492,0.01674937159349188,0.020960388294341215,0.011294862940726414,0.012851419226219669,0.013488483324729196,46.92714285714286,46.95666104181326,43.22489032534854,-0.0298080621252792,-0.5275768388077795,0,0.0
2021-10-11,47.5,46.52,47.58,46.5,275600.0,-0.0012889368057309447,0.022960192281501257,0.2504636602845789,0.011255395656945116,0.012707031604410224,0.013200404291346089,46.87428571428571,46.898439569571494,42.828307651072336,-0.01308085058714925,-0.5308470514545668,0,0.0
2021-10-12,46.35,45.97,46.8,45.9,274254.0,-0.011893317832327277,0.019418085857101808,-0.00489585485807531,0.011521303488836628,0.011818052985907969,0.013271225002393331,46.777142857142856,46.774647626961965,39.271401849473826,-0.032170922513516276,-0.5388897820829459,0,0.0
2021-10-13,45.97,47.48,47.99,45.87,577785.0,0.032319559923330576,0.045181347261074034,0.745147142873746,0.015236357017528197,0.011878108355986166,0.012719760954624026,46.778571428571425,46.86869461003371,51.243558533948296,0.05882787080019991,-0.5241828143828959,0,0.0
2021-10-14,47.16,47.07,47.45,46.83,310500.0,-0.008672714328416209,0.013152501860486332,-0.6210179257816417,0.015520952396145675,0.01192718301093165,0.034677698023441055,46.79428571428571,46.895535328695885,48.45056716252023,0.09139392980965733,-0.5013343319304817,0,0.0
2021-10-15,47.25,46.45,47.25,46.37,268041.0,-0.01325939015320321,0.018799955536382473,-0.14704394748907212,0.015714035169514747,0.012126380925953167,0.03503988221993389,46.75857142857143,46.83613061820311,44.50064000966356,0.0720183017064091,-0.48332975650387944,0,0.0
2021-10-18,46.45,46.23,46.47,46.07,180050.0,-0.004747527259713724,0.008644964149060907,-0.39790536378957597,0.01566432940417834,0.011521076252045657,0.0355640806620241,46.737142857142864,46.75531320244269,43.15617699014999,0.046465254090169605,-0.47171344298133705,0,0.0
2021-10-19,46.04,46.6,46.99,46.04,205800.0,0.007971603131466054,0.02042422926104237,0.13367023330506456,0.015377945624626585,0.011612297032770207,0.03679150306754134,46.7,46.734604775450336,46.10529679271649,0.05592637051954402,-0.4577318503514511,0,0.0
2021-10-20,46.61,46.7,46.85,46.0,371444.0,0.0021436235432514827,0.01830961219533611,0.5904932891531516,0.013442325850825028,0.011154504749233149,0.03708794902381929,46.675,46.729990805390294,46.90702862548893,0.06947948253670738,-0.44036197971727425,0,0.0
2021-10-21,46.68,46.46,46.68,45.93,383300.0,-0.005152437332588633,0.01619730908065309,0.03141985983340767,0.013488483324729182,0.01119100112013783,0.03681777761450098,46.603571428571435,46.693992031338254,45.17030007539152,0.06303053809282955,-0.42460434519406687,0,0.0
2021-10-22,46.33,46.27,46.44,45.9,376400.0,-0.004097924423354549,0.011696039763191113,-0.018165564675284074,0.013200404291346071,0.010416459629440773,0.03713194270690674,46.512142857142855,46.63745976049316,43.788080710151185,0.04742998033230866,-0.4127468501109897,0,0.0
2021-10-25,46.0,46.04,46.3,45.93,190700.0,-0.004983219065226585,0.008023462754485955,-0.6799508951048523,0.013271225002393314,0.0104386306195403,0.03775169364909852,46.45428571428571,46.55779845909407,42.1083073098448,0.024250366585657324,-0.4066842584645754,0,0.0
2021-10-26,46.1,45.98,46.15,45.85,168287.0,-0.0013040645186461752,0.0065217622463875635,-0.12503065741142727,0.01271976095462401,0.010339695532326627,0.0377013969507926,46.464285714285715,46.480758664548205,41.65933943491248,0.00832919239092228,-0.40460196036684487,0,0.0
2021-10-27,46.13,41.12,46.15,40.6,1251224.0,-0.11171189818812621,0.12812889434117425,2.0062066959978146,0.03467769802344104,0.022584203138774555,0.03816490632905714,46.105,45.765990842608446,21.584330009044777,-0.308551688491305,-0.48173988248967115,0,0.0
2021-10-28,41.5,39.82,41.57,39.2,732250.0,-0.03212532251085909,0.0587020064681294,-0.5357555654849175,0.03503988221993388,0.023066187771683924,0.015123292291370691,45.62214285714286,44.97319206359399,18.953330959571602,-0.5695627286676075,-0.6241305646565731,0,0.0
2021-10-29,40.07,39.92,40.42,39.07,346300.0,0.002508152807212838,0.033969802908495605,-0.7488165342994666,0.035564080662024086,0.023075469587765823,0.009172304065388829,45.15071428571429,44.29943312178146,19.76353653621095,-0.6912301270277297,-0.7969380964135055,0,0.0
2021-11-01,40.02,40.55,40.75,39.61,301488.0,0.015658329118158676,0.028374228053046124,-0.13857523702824182,0.03679150306754132,0.023408481574531875,0.00904680391480408,44.76357142857143,43.799508705543936,24.859863358149937,-0.6837828090601931,-0.9678837986785539,0,0.0
2021-11-02,40.56,41.05,42.32,40.55,540057.0,0.012255055337015097,0.04272400698862189,0.5829444751631456,0.03708794902381927,0.023620234300550234,0.009453408100695278,44.30428571428571,43.43290754480475,28.728986614430468,-0.6025371059395659,-1.1185180751634456,0,0.0
2021-11-03,41.34,40.81,41.34,40.52,237330.0,-0.005863686480722663,0.020034874873139596,-0.8222231118418648,0.03681777761450096,0.023592060126265184,0.012176254211906452,43.857142857142854,43.08318653883078,27.984120583969016,-0.5251468060069482,-1.2498047766651825,0,0.0
2021-11-04,41.66,40.95,41.66,40.69,227900.0,0.003424660881364172,0.023559073819227727,-0.040544641449775654,0.03713194270690673,0.02360004347446775,0.012985622143073194,43.464285714285715,42.79876166698668,29.13829367549539,-0.4287822974569995,-1.3570003510294324,0,0.0
2021-11-05,40.96,41.36,41.85,40.9,290800.0,0.009962419901095032,0.02296173388672873,0.24372880940772568,0.03775169364909851,0.023701846969511987,0.016155511272795558,43.11642857142857,42.606926778055126,32.54770882821143,-0.30736865848978856,-1.4338425156518795,0,0.0
2021-11-08,41.36,41.0,41.59,40.3,273745.0,-0.00874216349586554,0.03150828480218326,-0.060438729535640334,0.03770139695079259,0.0236855332156666,0.016276419183240503,42.71642857142857,42.39266987431444,31.13136163869551,-0.22505845923313594,-1.4901071304601634,0,0.0
2021-11-09,40.44,41.38,42.3,40.31,312001.0,0.009225605613089272,0.04818750892315782,0.13080937680882698,0.038164906329057134,0.023800147674359673,0.015516672590507603,42.33642857142858,42.25764722440585,34.37750588838533,-0.12383435010542887,-1.5210657179865208,0,0.0
2021-11-10,41.23,42.2,42.22,41.23,484648.0,0.019622548724568922,0.02372789570136602,0.4404164613081871,0.01512329229137069,0.024001804266889002,0.015520667764232294,42.03214285714286,42.24996092781841,40.85597152877998,0.012300311853520096,-1.5179906400231409,0,0.0
2021-11-11,42.35,42.75,43.15,41.95,428261.0,0.012948974340802888,0.028203984616221422,-0.12369003143527202,0.009172304065388836,0.02419116354024243,0.01792371718172801,41.78071428571429,42.31663280410929,44.79281841173882,0.14592102393597606,-1.481510384039147,0,0.0
2021-11-12,42.6,43.0,43.2,42.25,435605.0,0.005830920310793353,0.02223614144688213,0.01700304660803198,0.00904680391480409,0.024148555005517842,0.018794510833791783,41.563571428571436,42.407748430228054,46.534905892797845,0.25148353973837057,-1.4186394991045546,0,0.0
2021-11-15,43.3,43.83,43.88,43.0,412200.0,0.019118398737155484,0.020258519713467038,-0.05522720095713929,0.009453408100695287,0.0244785493513352,0.02997074400858008,41.410000000000004,42.59738197286432,51.95543203200432,0.37036702333516924,-1.3260477432707622,0,0.0
2021-11-16,43.9,43.07,43.9,43.03,386300.0,-0.01749181536469857,0.020016773230617346,-0.06489439878412284,0.012176254211906453,0.02452873453589872,0.03054596209172067,41.549285714285716,42.66039770981574,47.2332856286065,0.389053535985874,-1.228784359274294,0,0.0
2021-11-17,42.7,44.14,44.31,42.7,370600.0,0.02453970176257103,0.0370114649768194,-0.041490955820977504,0.0129856221430732,0.024749517012240346,0.02838168919215261,41.85785714285714,42.85767801517365,53.6240935804867,0.4598585435946754,-1.1138197233756253,0,0.0
2021-11-18,44.13,43.16,44.13,43.13,282111.0,-0.022452260438656335,0.022921012621703873,-0.2728227033387256,0.016155511272795558,0.024996789425582353,0.028317141676099694,42.089285714285715,42.89798761315049,47.901748290840075,0.42774437717472846,-1.0068836290819432,0,0.0
2021-11-19,43.5,43.72,44.06,42.9,256810.0,0.012891522918403897,0.02668051544022587,-0.09396409864493194,0.016276419183240503,0.025062845320809508,0.029057823102738734,42.315714285714286,43.00758926473043,51.11216588854052,0.43011023033900186,-0.8993560714971929,0,0.0
2021-11-22,44.01,43.89,44.26,43.31,327063.0,0.0038808403918046963,0.021697779396367967,0.24181630102344975,0.015516672590507603,0.025086462896119557,0.030765314533644516,42.51857142857143,43.125244029433034,52.07759972889924,0.4280942727512338,-0.7923325033093844,0,0.0
2021-11-23,43.91,44.05,44.52,43.69,278363.0,0.003638848682046003,0.018819283443999524,-0.1612267955619302,0.015520667764232292,0.025034181518336786,0.03361684441555341,42.75,43.24854482550863,53.01799197585585,0.4218236708214782,-0.6868765856040149,0,0.0
2021-11-24,44.05,45.7,45.94,43.89,836688.0,0.03677294551797061,0.04564969356080972,1.1005252238114984,0.017923717181728013,0.025253404058227822,0.03569246690258345,43.089285714285715,43.57540551544081,61.42473926943848,0.507341953175532,-0.5600410973101319,0,0.0
2021-11-25,45.84,46.91,47.36,45.33,1354987.0,0.026132574440207446,0.04380892562299232,0.48209589803121666,0.018794510833791783,0.025697359709078115,0.03440279369727899,43.48571428571428,44.02001811338204,66.20098412219407,0.6166726132634369,-0.40587294399427265,0,0.0
2021-11-26,47.26,51.0,52.5,46.38,4113430.0,0.08359476038395908,0.1239448377701926,1.1104653701536655,0.029970744008580092,0.02975291467684571,0.03408323937091109,44.199999999999996,44.9506823649311,76.70179431785256,0.9175864666995417,-0.17647632731938723,0,0.0
2021-11-29,49.8,50.9,52.0,48.5,2482890.0,-0.0019627091678486863,0.06967992063799011,-0.5048340260471544,0.03054596209172068,0.029731875072368862,0.018769468594306796,44.879999999999995,45.74392471627362,76.07942617106832,1.0533191761470977,0.0868534667173872,0,0.0
2021-11-30,50.8,52.11,53.88,49.55,2530143.0,0.02349394536464633,0.08377709076616613,0.018852618585055936,0.028381689192152622,0.029951886657362696,0.019171414142683762,45.58785714285714,46.5927347541038,78.3667785875451,1.159604623850412,0.37675462267999027,0,0.0
2021-12-01,52.05,53.12,54.47,51.11,2115877.0,0.019196636247055032,0.06366991861539528,-0.17880643911916572,0.028317141676099705,0.030082369673751205,0.023319101785925802,46.32857142857142,47.463036786889965,80.07912121522095,1.2264549333185122,0.6833683560096184,0,0.0
2021-12-02,53.1,51.71,53.11,50.78,1714439.0,-0.026902318760048338,0.04486265815777557,-0.21038347036017768,0.02905782310273874,0.030575915179067215,0.022047385944123754,46.950714285714284,48.02929854863797,71.5630245455622,1.1078495731210563,0.9603307492898825,0,0.0
2021-12-03,52.3,51.0,53.38,50.86,1322193.0,-0.013825553683804337,0.04835938398240458,-0.2597941917052218,0.030765314533644516,0.03071130241696696,0.032279893629635556,47.462857142857146,48.425392075486236,67.66105420769026,0.921369032418498,1.190673007394507,0,0.0
2021-12-06,50.92,49.59,51.84,49.18,1348581.0,-0.028036432223283114,0.052675015255972735,0.019761206837834777,0.03361684441555341,0.031208652786966305,0.03304298613979661,47.92857142857143,48.58067313208807,60.59499200655828,0.6553489105531933,1.3545102350328055,0,0.0
2021-12-07,49.59,48.32,50.17,47.39,831041.0,-0.02594364687448314,0.057006002516664545,-0.48412907573150044,0.03569246690258345,0.031632898880324715,0.0385273274426698,48.22714285714285,48.545916714476334,55.02134814697452,0.36086093472226777,1.4447254687133726,0,0.0
2021-12-08,48.3,48.35,48.58,47.69,470600.0,0.0006206682727438739,0.018490191263893507,-0.5686706554919105,0.034402793697278986,0.023302394897214803,0.037555101125031874,48.597857142857144,48.51979448587949,55.12634979076296,0.14610789374912048,1.4812524421506528,0,0.0
2021-12-09,48.79,47.68,48.83,47.68,578500.0,-0.013954199142208967,0.02383285531647461,0.20643007034047045,0.03408323937091108,0.022516285220848684,0.03770815454575683,48.88071428571429,48.407821887762225,52.19570832147957,-0.05241649962398842,1.4681483172446557,0,0.0
2021-12-10,47.68,48.0,48.16,47.33,386100.0,0.006688988150796771,0.0173844570824091,-0.40434214336354124,0.018769468594306764,0.022506833587221445,0.038035413891475175,49.174285714285716,48.35344563606059,53.468080833556364,-0.1670631593510059,1.4263825274069042,0,0.0
2021-12-13,48.18,48.32,48.67,47.0,686809.0,0.006644542718668323,0.034915222135304624,0.5759598299188706,0.019171414142683734,0.022435494607939158,0.0380489899485136,49.479285714285716,48.34898621791918,54.76469161755931,-0.22274614252931713,1.370695991774575,0,0.0
2021-12-14,47.89,50.51,51.8,47.88,1426090.0,0.04432578285340183,0.07869226857566503,0.7306354793980887,0.023319101785925785,0.023490771916722095,0.03833931544455424,49.82285714285714,48.6371213888633,62.4718552445337,-0.11870612671839376,1.3410194600949767,0,0.0
2021-12-15,50.53,49.92,51.39,49.63,514000.0,-0.011749612418789024,0.03484811140478872,-1.0204684471319858,0.02204738594412373,0.02362535564064694,0.03676716930168871,50.03785714285715,48.80817187034819,59.52919828031958,-0.09715132917504565,1.3167316278012153,0,0.0
2021-12-16,50.1,53.76,59.33,49.23,3165710.0,0.07410797215372167,0.18661188650044291,1.8179093725592121,0.03227989362963555,0.02662045109647866,0.03794591283306361,50.23500000000001,49.46841562096843,69.57439338302063,0.15450707170072286,1.355358395726396,0,0.0
2021-12-17,54.0,52.49,54.44,51.35,1897432.0,-0.02390702095068553,0.05843424140869802,-0.5118759660138803,0.0330429861397966,0.02729116913781963,0.02785410638380671,50.34857142857144,49.87129353817264,63.923294601983,0.21073718909972472,1.408042693001327,0,0.0
2021-12-20,51.5,49.18,51.55,49.07,1285867.0,-0.06513563847616188,0.04930436036115671,-0.3890681940131966,0.03852732744266978,0.03026069720980478,0.02740000746469031,50.13928571428572,49.77912106641629,52.05574416994991,0.010860621950843363,1.410757848489038,0,0.0
2021-12-21,49.01,48.97,50.26,48.56,687300.0,-0.004279171073820365,0.03440938536420335,-0.6264175998597405,0.03755510112503187,0.030312445198008364,0.019744613150243315,49.84285714285715,49.67123825756079,51.40370699172603,-0.14125078925091294,1.3754451511763097,0,0.0
2021-12-22,49.2,49.57,50.35,48.38,681890.0,0.012177946318256527,0.03991211398269012,-0.00790252361536048,0.03770815454575682,0.03022415074868747,0.02052212204745776,49.69,49.65773982321935,53.20713965969906,-0.20343574772935114,1.324586214243972,0,0.0
2021-12-23,49.57,51.0,51.93,49.5,1148990.0,0.028439820691843032,0.04792398828158273,0.5217702200784924,0.03803541389147516,0.03048933961269499,0.020217788608991212,49.69,49.836707846790105,57.27655934344857,-0.15256437733794437,1.286445119909486,0,0.0
2021-12-24,51.0,51.51,51.68,49.07,1010025.0,0.009950330853167877,0.051823009372534035,-0.12890821258647556,0.03804898994851359,0.03049837706495468,0.01900580374814549,49.82714285714285,50.05981346721809,58.65747978185865,-0.09186277720855185,1.263479425607348,0,0.0
2021-12-27,51.51,51.11,53.18,50.55,638148.0,-0.007795790797305635,0.05071944034839326,-0.45916013063981787,0.03833931544455423,0.030495617552823366,0.018432892725738254,50.026428571428575,50.19983833825568,57.09863574039466,-0.08604655792889093,1.2419677861251255,0,0.0
2021-12-28,51.06,49.87,51.06,49.32,668125.0,-0.024560553222156667,0.03467173351719399,0.04590505041491255,0.0367671693016887,0.030702972192051498,0.018430580342986926,50.135,50.155859893154926,52.44561658419509,-0.16834704798070188,1.19988102412995,0,0.0
2021-12-29,50.24,48.3,50.25,48.3,521519.0,-0.03198805889950451,0.039578986280658146,-0.2477295746368693,0.037945912833063596,0.031186019488745026,0.018129778984394825,50.17928571428571,49.90841190740093,47.20089984405859,-0.3222391887378757,1.1193212269454813,0,0.0
2021-12-30,48.5,49.06,49.06,48.05,312264.0,0.015612478171816324,0.020801903414041867,-0.5128967232731565,0.027854106383806677,0.03088759417792613,0.015242294754129996,50.254999999999995,49.79529031974748,49.81707854599476,-0.3635067038946438,1.0284445509718203,0,0.0
2021-12-31,49.05,48.9,49.32,48.41,347700.0,-0.0032666423495166796,0.018623274344540697,0.10749105514453206,0.027400007464690283,0.030872965743109573,0.015393677176350056,50.29642857142857,49.67591827711448,49.263653795351644,-0.38990371969503657,0.9309686210480612,0,0.0
2022-01-04,48.92,50.03,50.2,48.35,435190.0,0.022845429019287433,0.037548804798380075,0.22444267832274356,0.01974461315024329,0.031069642606874327,0.018676928540668415,50.26214285714286,49.72312917349922,53.2165525297628,-0.32238296362965735,0.8503728801406469,0,0.0
2022-01-05,50.16,49.21,50.16,48.6,354337.0,-0.01652597062222716,0.03159436541821714,-0.20553427964476612,0.02052212204745774,0.03130312919900353,0.01750278837876861,50.21142857142856,49.65471195036599,50.16237231051552,-0.32324558571307893,0.7695614837123772,0,0.0
2022-01-06,48.67,49.5,49.88,48.67,334288.0,0.00587581469675813,0.024557296966472908,-0.05824554081189959,0.020217788608991188,0.0306792717427376,0.017495092521641654,49.90714285714285,49.6340836903172,51.22843668124527,-0.2953500154256439,0.6957239798559662,0,0.0
2022-01-07,49.52,48.21,49.7,48.21,367388.0,-0.026406201157113784,0.030438464685051958,0.09441561341888871,0.019005803748145457,0.030792657965337544,0.02397492089766443,49.60142857142857,49.44420586494157,46.46690965824943,-0.3510504455922302,0.6079613684579087,0,0.0
2022-01-10,48.01,48.3,48.78,47.4,247888.0,0.001865092240995736,0.028698164086743194,-0.3934414790448475,0.018432892725738215,0.026548020478959766,0.024250063465778272,49.53857142857142,49.291645082949366,46.838164902439175,-0.3673588296857315,0.5161216610364758,0,0.0
2022-01-11,48.69,47.94,48.69,47.94,245600.0,-0.007481331652288592,0.015523441188371123,-0.009272834980947664,0.018430580342986887,0.026568204518512908,0.025535937692304986,49.464999999999996,49.11142573855612,45.47950522015029,-0.3860027936448976,0.41962096262525145,0,0.0
2022-01-12,47.8,48.56,48.93,47.78,231100.0,0.012849917745004547,0.023783563403368735,-0.06085367899265215,0.01812977898439479,0.02628561918149002,0.028978812106187087,49.392857142857146,49.037902306748634,48.26297275279886,-0.34171221742937435,0.3341929082679079,0,0.0
2022-01-13,48.86,48.11,48.86,48.09,255400.0,-0.00931009103988023,0.01588481054002333,0.099980426318103,0.015242294754129963,0.02599341378760775,0.027669240316634727,49.18642857142857,48.914181999182155,46.41092531521232,-0.32780334488903623,0.2522420720456488,0,0.0
2022-01-14,48.1,47.1,48.47,47.09,506152.0,-0.021217054688990267,0.028884385601821272,0.6840060758363222,0.015393677176350016,0.025835665863987944,0.02886781994433769,48.871428571428574,48.67229106595787,42.471530637191,-0.3686570233098752,0.16007781621818,0,0.0
2022-01-17,47.1,48.5,48.54,47.1,437063.0,0.029290796921065176,0.030115199276083082,-0.1467596699701854,0.018676928540668387,0.026411996525691143,0.028697636867338932,48.685,48.64931892383016,48.94105627233613,-0.28705237668760586,0.08831472204627855,0,0.0
2022-01-18,48.52,47.55,48.76,47.52,286800.0,-0.019782008952037966,0.025759629558681052,-0.42129224073910976,0.017502788378768574,0.026169795202455198,0.025136511427926268,48.519285714285715,48.50274306731947,45.22447680503389,-0.28228833430183703,0.01774263847081929,0,0.0
2022-01-19,47.65,47.97,48.28,47.4,201938.0,0.008794026522572995,0.018395167528299616,-0.35082438913019587,0.017495092521641623,0.025812459203739858,0.02647700299484671,48.49571428571428,48.43171065834355,47.13583392681131,-0.23786264133056378,-0.041723021861821655,0,0.0
2022-01-20,47.98,45.35,48.21,44.53,536300.0,-0.05616563895282667,0.0794033490839201,0.9767329863936105,0.02397492089766439,0.027755950772741834,0.02725908560546527,48.230714285714285,48.02081590389774,38.18464462148858,-0.3643702233131295,-0.13281557769010402,0,0.0
2022-01-21,45.3,44.03,45.57,43.78,467400.0,-0.029538956793483173,0.04007251318107441,-0.13750828388412195,0.02425006346577824,0.02812813797883362,0.022313799599193055,47.88285714285714,47.488707116711375,34.61778403881945,-0.5075902976111184,-0.25971315209288365,0,0.0
2022-01-24,43.99,44.82,45.19,43.65,257683.0,0.017783248605118374,0.034672541137577007,-0.5954552748024895,0.025535937692304955,0.028327441656890898,0.022735115462027614,47.510714285714286,47.13287950114986,38.33061230122679,-0.5179654337444972,-0.389204510529008,0,0.0
2022-01-25,45.19,42.6,45.19,42.45,424180.0,-0.050800215097456025,0.06254891066583168,0.498427746144932,0.028978812106187055,0.02961528059926946,0.0213925387063612,47.03857142857142,46.528495567663214,32.70941787255536,-0.6354426745842465,-0.5480651791750697,0,0.0
2022-01-26,42.7,42.11,43.15,40.65,870857.0,-0.01156901110148878,0.05968358153561715,0.7193198908219607,0.02766924031663469,0.028180650436644725,0.015329376162508181,46.510714285714286,45.939362825308116,31.607618761378504,-0.7020382278578488,-0.7235747361395319,0,0.0
2022-01-27,42.11,42.61,42.8,39.65,952127.0,0.01180372533798435,0.07644715450689432,0.08922064498611171,0.028867819944337656,0.028344376625271606,0.015931239119189894,46.11071428571428,45.495447781933706,34.0488590220571,-0.6684715018520369,-0.8906926116025413,0,0.0
2022-01-28,41.98,42.22,43.59,41.76,561600.0,-0.009194925091645878,0.04288882267591809,-0.5279085765436715,0.028697636867338897,0.024054997640519635,0.028631215152493207,45.67642857142857,45.058721411009216,33.0576747831047,-0.629158761930436,-1.0479823020851504,0,0.0
2022-02-07,43.0,41.95,43.0,41.66,466400.0,-0.006415609506959186,0.03165867986073634,-0.1857462176753195,0.025136511427926223,0.023868772284860614,0.030613282176941394,45.24857142857143,44.64422522287465,32.35543899055159,-0.5792132708508138,-1.192785619797854,0,0.0
2022-02-08,38.84,42.5,42.94,38.84,604700.0,0.013025643017155808,0.10035314902751091,0.25968883224288497,0.026477002994846677,0.021506347858516017,0.030431773767321008,44.81571428571429,44.35832852649136,35.36737712939174,-0.4715709739718239,-1.3106783632908101,0,0.0
2022-02-09,42.49,43.22,43.9,41.73,500653.0,0.016799275148368764,0.05069402547766444,-0.1888192209331816,0.027259085605465236,0.021867469823561293,0.03100990632757041,44.46642857142857,44.20655138962585,39.18487876870624,-0.3214844155758456,-1.3910494671847715,0,0.0
2022-02-10,43.01,42.5,43.65,42.1,422900.0,-0.016799275148368764,0.03615554159727541,-0.16877750186754348,0.022313799599193017,0.021760477008413985,0.031340217525263024,44.137857142857136,43.979011204342406,36.84146474935027,-0.2438271096251241,-1.4520062445910527,0,0.0
2022-02-11,42.8,41.12,42.8,41.01,283300.0,-0.033009454783461845,0.0427221631837833,-0.4006293376419716,0.022735115462027576,0.02138043842662238,0.0309858421702522,43.61071428571428,43.597809710430084,32.79339348270939,-0.25720190703552337,-1.5163067213499337,0,0.0
2022-02-14,41.0,41.24,42.1,40.74,179000.0,0.0029140380018497503,0.032837329889675804,-0.45912060099571583,0.02139253870636116,0.021224087395822842,0.028563027237409572,43.160000000000004,43.28343508237274,33.477878888335965,-0.23062002336746512,-1.5739617271918,0,0.0
2022-02-15,41.24,41.13,41.93,40.5,258100.0,-0.0026708769064263116,0.03469958707017806,0.3659613008838143,0.015329376162508132,0.02124151160672268,0.029327841839335154,42.67142857142857,42.99631040472305,33.144635459065796,-0.19453996535052087,-1.6225967185294305,0,0.0
2022-02-16,41.22,41.7,41.95,41.14,289900.0,0.013763346562423173,0.019497548688404365,0.11618892920304091,0.015931239119189852,0.021316290173400903,0.02925587663879655,42.410714285714285,42.823469017426646,36.662901521397686,-0.11055860459419375,-1.6502363696779792,0,0.0
2022-02-17,41.98,44.91,48.01,41.98,1578791.0,0.07415935829489051,0.13421600815036205,1.6948786073127842,0.028631215152493197,0.025287353383222494,0.02911225226472491,42.473571428571425,43.101673148436426,51.98676425963501,0.16777454091547028,-1.6082927344491118,0,0.0
2022-02-18,43.44,43.54,44.09,41.12,1145475.0,-0.030980431293245125,0.06973837822293705,-0.32083996611577525,0.030613282176941377,0.025570517953982765,0.015756868063179278,42.38214285714285,43.16011672864491,46.78428557947871,0.2606656440764965,-1.5431263234299877,0,0.0
2022-02-21,44.0,43.69,44.0,43.05,501188.0,0.0034391871569430243,0.021827403044521354,-0.8265933969272421,0.030431773767320987,0.025606242964298268,0.012501758805212539,42.46,43.23076783149226,47.40489480246502,0.3288645018525529,-1.4609101979668495,0,0.0
2022-02-22,44.0,42.9,44.0,42.66,458800.0,-0.01824741702937338,0.030927920875056802,-0.08836689494216188,0.031009906327570388,0.025230556374725703,0.017474709469664187,42.51642857142857,43.18666545395996,44.46382288983571,0.3172734890609288,-1.3815918257016175,0,0.0
2022-02-23,42.75,43.85,44.34,42.75,571100.0,0.021902892884221092,0.03651800880539646,0.21894994041560167,0.031340217525263,0.025604518579847108,0.019682076711544438,42.605000000000004,43.27511006009863,48.5940773800042,0.36659895581125723,-1.2899420867488034,0,0.0
2022-02-24,44.91,43.4,44.91,42.61,593800.0,-0.010315277711832938,0.05257151958782602,0.038978236658842036,0.030985842170252176,0.025563181854208413,0.01713799540541191,42.68928571428571,43.29176205208549,46.817899931905266,0.36133968679627193,-1.1996071650497355,0,0.0
2022-02-25,43.67,44.05,44.4,43.12,482163.0,0.014865911275829369,0.029252542837437723,-0.20826033117323028,0.028563027237409555,0.025447440940351528,0.01895541973864771,42.839285714285715,43.39286044514076,49.67902962315485,0.391519326419667,-1.1017273334448188,0,0.0
2022-02-28,43.89,43.43,44.04,42.82,331257.0,-0.014174905835457885,0.02809302869294239,-0.3753877220038042,0.029327841839335136,0.02550995125316471,0.018532311276884143,42.90571428571428,43.39781238578866,47.07738820276662,0.3603885360437331,-1.0116301994338854,0,0.0
2022-03-01,43.46,43.44,43.96,43.3,250003.0,0.00023022907894931777,0.01512749452697637,-0.28142159136237765,0.029255876638796533,0.025507747799400633,0.01941992494715288,42.92142857142858,43.403437401016845,47.125484730807564,0.33184521322971594,-0.9286688961264565,0,0.0
2022-03-02,43.26,43.59,43.8,43.03,233500.0,0.0034470906246211186,0.017736270531892195,-0.06829084068129454,0.02911225226472489,0.025359985347051996,0.021031018986711048,42.99928571428571,43.428312414214595,47.89049167223307,0.31459808367157793,-0.8500193752085622,0,0.0
2022-03-03,43.8,43.31,43.8,43.06,218774.0,-0.006444211023765689,0.017039325446183362,-0.06514284360368627,0.01575686806317922,0.02534312270949592,0.02035814787392355,43.15571428571429,43.41253742565265,46.536959940166064,0.2771766841226293,-0.7807252041779049,0,0.0
2022-03-04,43.31,43.2,43.67,42.97,213900.0,-0.0025430599764706407,0.01615916971056608,-0.022530617416904875,0.012501758805212473,0.025121410396354307,0.022746090166897083,43.29571428571428,43.384199102232294,45.987071941203105,0.23928939570309915,-0.7209028552521303,0,0.0
2022-03-07,42.8,41.5,43.29,41.42,280200.0,-0.04014706801341239,0.044157805486451096,0.26999501781454605,0.017474709469664132,0.025253525317274032,0.02444303795979454,43.32214285714286,43.13297255526799,38.4295058773722,0.10108073702382059,-0.6956326709961752,0,0.0
2022-03-08,41.87,40.04,41.87,39.8,342797.0,-0.03581447278963257,0.050702667740660345,0.2016348013238467,0.019682076711544386,0.02573784092028962,0.02281788916470061,43.20357142857143,42.7205762145656,33.35903502021404,-0.07767643084937437,-0.7150517787085188,0,0.0
2022-03-09,39.8,40.01,40.67,38.4,399001.0,-0.0007495315778762723,0.05743326032545237,0.15182548792563288,0.017137995405411846,0.025610798594211556,0.019872650096858634,42.853571428571435,42.359166052623515,33.261920561284185,-0.18104157305053414,-0.7603121719711523,0,0.0
2022-03-10,40.21,40.68,41.47,40.21,215601.0,0.01660714831121579,0.03085455334910714,-0.6155344459093772,0.018955419738647658,0.02410212243741892,0.019899860538151057,42.64928571428572,42.13527724560705,37.62900246365822,-0.18664888755143805,-0.8069743938590119,0,0.0
2022-03-11,39.85,41.14,41.14,39.3,269543.0,0.011244313044451726,0.04575636534959582,0.22329845510952318,0.018532311276884088,0.023737334173257418,0.020987619641763988,42.46714285714285,42.00257361285945,40.50738432025389,-0.14366584367366741,-0.8428908547774289,0,0.0
2022-03-14,41.08,40.08,41.08,40.0,278700.0,-0.02610342744820171,0.026641930946420977,0.03340800213537065,0.019419924947152823,0.023811531216592758,0.020416869233281357,42.26571428571429,41.746230464478195,36.34499198776129,-0.16915595218651525,-0.8851798428240577,0,0.0
2022-03-15,39.95,38.66,40.2,38.63,397100.0,-0.036071982996424445,0.03983781894678584,0.354052203649303,0.021031018986710993,0.0229435054353229,0.019397943447975328,41.894999999999996,41.33473306921444,31.652683934598073,-0.2588162908063345,-0.9498839155256413,0,0.0
2022-03-16,38.67,38.08,39.42,36.0,1052574.0,-0.015116263857020584,0.0907543632684642,0.9748057337363818,0.020358147873923493,0.022997015063568587,0.015086113356475517,41.515,40.90076865998585,29.951746191373445,-0.3298004110793822,-1.032334018295487,0,0.0
2022-03-17,38.2,38.8,39.49,38.08,489514.0,0.018731036706063353,0.03635826537539355,-0.7655808096991414,0.022746090166897034,0.023188433431477053,0.021098230684458468,41.13999999999999,40.620666171987736,34.646732894809574,-0.3016428898191743,-1.1077447407502807,0,0.0
2022-03-18,38.78,39.5,39.66,38.42,291177.0,0.01788042527784839,0.03176496575123933,-0.5194817324877619,0.024443037959794498,0.023469129595421398,0.05883164146150411,40.85928571428571,40.471244015722704,38.932212806060896,-0.21341022024560918,-1.1610972958116832,0,0.0
2022-03-21,39.7,40.11,40.35,39.02,312100.0,0.015325007874885443,0.033517059520992376,0.06939231959004921,0.02281788916470057,0.023669899902532564,0.06672882584251609,40.62142857142857,40.423078146959675,42.472389769978605,-0.09740609857808735,-1.1854488204562053,0,0.0
2022-03-22,40.07,40.37,40.75,39.7,295182.0,0.006461255082887973,0.02610465199372669,-0.055731534019260565,0.019872650096858596,0.023561128144633396,0.06690902364867976,40.39142857142857,40.416001060698385,43.96350748000698,0.0078093293596652735,-1.183496488116289,0,0.0
2022-03-23,40.7,40.26,40.7,40.01,168900.0,-0.002728514653204339,0.01709866957940598,-0.5582852914437186,0.01989986053815102,0.023300330378504666,0.07317465511403151,40.17357142857143,40.395200919271936,43.4503707501365,0.07711671183277424,-1.1642173101580955,0,0.0
2022-03-24,40.31,39.12,40.31,38.83,374595.0,-0.028724575045028455,0.03740643338549843,0.7965386185364114,0.02098761964176394,0.023654116050885046,0.07304500530013204,39.88214285714286,40.22517413003568,38.44253948763585,0.05437646123125006,-1.150623194850283,0,0.0
2022-03-25,39.58,39.17,40.1,39.15,305400.0,0.001277302511123235,0.023975911875711464,-0.20422304956563408,0.020416869233281308,0.022960418527664842,0.07450560633439365,39.715714285714284,40.084484246030925,38.775834573668995,0.05095370397920096,-1.137884768855483,0,0.0
2022-03-28,38.95,39.55,39.79,38.0,374134.0,0.009654546535923014,0.04602946471245151,0.2029916292299596,0.019397943447975283,0.023039156878628994,0.07444765202239412,39.68071428571428,40.01321967989347,41.37382789174092,0.08076189916913923,-1.1176942940631982,0,0.0
2022-03-29,39.84,39.58,40.5,38.83,390272.0,0.0007582459607564651,0.04210883036891744,0.04222990991124398,0.015086113356475465,0.023041113760114813,0.07507709141008137,39.64999999999999,39.95545705590767,41.58457665072503,0.10731576167078138,-1.090865353645503,0,0.0
2022-03-30,39.58,41.81,42.49,39.55,806568.0,0.05481160519405437,0.07170305991305748,0.7259442770263274,0.021098230684458444,0.02509274743067364,0.07819228126493807,39.730714285714285,40.20272944845332,54.638222898984104,0.2705921402100602,-1.0232173185929883,0,0.0
2022-03-31,45.0,50.17,50.17,45.0,4206038.0,0.18228169312768783,0.10875474872584201,1.651488181982085,0.05883164146150411,0.039644135917819186,0.077716930092229,40.37571428571429,41.53169885532621,76.15266948909411,0.9015898704615474,-0.7978198509776014,0,0.0
2022-04-01,50.95,46.62,51.39,46.17,5442934.0,-0.07338760488855067,0.10711336448524067,0.2577971417605429,0.06672882584251608,0.04162939986842488,0.048884647332422745,40.84285714285714,42.21013900794939,62.57955920428262,1.030545057247768,-0.5401835866656595,0,0.0
2022-04-06,45.94,48.15,48.3,45.56,2802221.0,0.03229150463652353,0.05840142207954546,-0.6639059366738707,0.06690902364867976,0.041988872175326854,0.04380713256694376,41.520714285714284,43.00212047355614,65.43867892903197,1.1599145715410462,-0.2502049437803979,0,0.0
2022-04-07,47.43,44.67,47.61,44.11,2071043.0,-0.07501900288010699,0.07635630908957936,-0.3023599719243162,0.07317465511403151,0.044211182880535854,0.04246352982018985,41.99142857142857,43.22450441041533,55.12238036103861,0.9603918389150138,-0.01010698405164448,0,0.0
2022-04-08,45.01,45.36,46.34,44.02,1455667.0,0.015328524055469028,0.0513614429059146,-0.3525881302889253,0.07304500530013204,0.04412198548815736,0.03374365488451746,42.46,43.509237155693285,56.583867648758066,0.8291158598130198,0.19717198090161048,0,0.0
2022-04-11,44.89,43.22,46.22,43.2,1310440.0,-0.04832730834075649,0.06757210959616966,-0.10510125614412757,0.07450560633439364,0.04499903983545671,0.03417830001751309,42.72571428571428,43.47067220160085,51.03294441853841,0.5650036160469747,0.33842288491335415,0,0.0
2022-04-12,43.03,43.81,44.14,42.5,1052938.0,0.013558750747066917,0.03786232489821906,-0.2187786066551478,0.0744476520223941,0.04498464077612773,0.04094615704563845,42.99,43.51591590805407,52.418840089864425,0.40441183999136743,0.43952584491119606,0,0.0
2022-04-13,43.24,42.97,43.79,42.13,831119.0,-0.01935990403890342,0.03864540482238166,-0.23656664544243888,0.07507709141008137,0.04505016843044975,0.04202059295555585,43.175714285714285,43.443127120313534,50.238736095706706,0.2249421781914,0.4957613894590461,0,0.0
2022-04-14,44.6,46.49,49.43,43.98,3539528.0,0.07873503791558978,0.11682254219225285,1.4489756783389431,0.07819228126493807,0.04730876624001721,0.05543602110078576,43.62071428571429,43.849376837605064,58.102431519556525,0.3207806450831826,0.5759565507298418,0,0.0
2022-04-15,47.28,45.5,48.89,45.27,2481760.0,-0.021524909745588516,0.07692831514268672,-0.35502539902836716,0.07771693009222899,0.04750647206241041,0.056110770481033766,44.07642857142857,44.06945992592439,55.44842660261152,0.295604114839091,0.6498575794396145,0,0.0
2022-04-18,44.46,46.3,47.08,44.46,1572533.0,0.017429635135283394,0.05725837385602528,-0.45628029083046684,0.04888464733242272,0.0475699458736223,0.056596282290261604,44.58571428571429,44.36686526913447,57.151685379810495,0.30945740081930695,0.7272219296444413,0,0.0
2022-04-19,45.09,47.38,47.54,45.09,1566784.0,0.023058237638451384,0.05291096949905505,-0.003662584203299346,0.043807132566943734,0.047710882248146604,0.05796077390572048,45.144999999999996,44.768616566583205,59.40788598253939,0.36421123718885307,0.8182747389416547,0,0.0
2022-04-20,47.26,47.37,48.29,46.83,1432118.0,-0.00021108179497941748,0.030700476689999867,-0.08987064348232465,0.042463529820189826,0.04701530073440589,0.05831805293657539,45.70142857142857,45.11546769103878,59.37670993720931,0.37133909494501616,0.9111095126779087,0,0.0
2022-04-21,46.8,47.77,49.8,46.57,2183716.0,0.0084087104662105,0.06705842703632126,0.4218735454189133,0.033743654884517436,0.04639988150569997,0.05844381367313238,46.12714285714286,45.469405332233606,60.27473489100636,0.37356114314671474,1.0044997984645876,0,0.0
2022-04-22,48.01,49.0,50.1,47.52,2316540.0,0.025422470708755807,0.05287033303642952,0.05904668035767102,0.03417830001751306,0.04651675216027314,0.06002103755914106,46.04357142857143,45.94015128793579,62.98447144296393,0.4247090810822942,1.110677068735161,0,0.0
2022-04-25,48.24,45.2,48.83,44.11,1976303.0,-0.08072321127244075,0.10165836395672079,-0.1588467655035366,0.04094615704563843,0.04912696543966398,0.06006019715474577,45.94214285714286,45.84146444954436,51.3343270703583,0.18187071251807896,1.1561447468646808,0,0.0
2022-04-26,45.09,43.95,46.57,43.8,1607179.0,-0.028044462706999784,0.06132273961188561,-0.20674745942012684,0.04202059295555583,0.049436435221026066,0.05307216154705166,45.64214285714286,45.58926918960511,48.17748372355843,-0.0701820663549293,1.1385992302759484,0,0.0
2022-04-27,43.27,49.5,49.5,43.2,2434610.0,0.11892004544345891,0.13613217432458002,0.41530611120470695,0.05543602110078575,0.0534968912542437,0.05255512941367639,45.98714285714285,46.11069996432443,59.95305955125684,0.1193228371550008,1.1684299395646986,0,0.0
2022-04-28,47.5,46.16,48.41,44.5,2333334.0,-0.06985904737480064,0.08421721477940824,-0.04248843333439112,0.05611077048103375,0.054776075834404914,0.03586644951790212,46.044285714285714,46.1172733024145,52.25734168853011,0.008042389183274379,1.1704405368605173,0,0.0
2022-04-29,46.48,47.78,48.36,44.07,2095542.0,0.03449351969781933,0.09289374689269625,-0.10748591497014104,0.05659628229026159,0.05486817594685229,0.029009075694141337,46.370000000000005,46.3389701954259,55.25728696095286,0.030586297352204417,1.1780871111985685,0,0.0
2022-05-05,47.78,50.0,50.05,47.0,2503135.0,0.045415863530482437,0.06287490405117113,0.17773171514154207,0.057960773905720464,0.05527028064783255,0.02895324038964402,46.81214285714286,46.82710750270245,59.054264716131364,0.1740478163551895,1.221599065287366,0,0.0
2022-05-06,48.99,48.98,49.85,47.63,1668925.0,-0.020610953904124152,0.04555568159507839,-0.4053642396909307,0.058318052936575375,0.05549022820597784,0.025415645252149052,47.24142857142857,47.11415983567546,56.674493189454786,0.17861174043155037,1.2662520003952538,0,0.0
2022-05-09,48.98,48.54,50.85,48.5,2034250.0,-0.009023851225566482,0.04731632455113166,0.19794749401271083,0.058443813673132367,0.055544884077715684,0.02984352063411616,47.387857142857136,47.3042718575854,55.63300651814472,0.13248524718823207,1.2993733121923117,0,0.0
2022-05-10,47.5,50.8,50.8,46.95,2239904.0,0.04550815428598076,0.078813148930164,0.09630580721106696,0.06002103755914105,0.05600296591684062,0.029664872554618624,47.76642857142856,47.77036894324068,59.72677198498043,0.22901074103207608,1.3566259974503307,0,0.0
2022-05-11,51.3,49.87,51.66,49.58,2004621.0,-0.01847673502640479,0.04109626106065001,-0.11097799234652328,0.06006019715474576,0.056177239298931425,0.03551829108594519,48.021428571428565,48.05031975080859,57.38045783245053,0.20578740148453578,1.4080728478214648,0,0.0
2022-05-12,49.01,49.31,50.39,48.7,1222997.0,-0.011292719321996714,0.034113712603962565,-0.49415061174161146,0.05307216154705166,0.05588291761622195,0.03656778576936561,48.159285714285716,48.21827711736744,55.95502751258911,0.13186872341957523,1.4410400286763587,0,0.0
2022-05-13,49.12,48.3,49.59,47.9,1264407.0,-0.0206953395775078,0.034673696084173145,0.03329883384915355,0.052555129413676384,0.056113735253610554,0.0365245397961257,48.22571428571428,48.22917350171845,53.37945292262176,0.0010316243398700298,1.4412979347613264,0,0.0
2022-05-16,48.37,48.48,49.85,48.21,1220090.0,0.003719781102532238,0.033452027990316324,-0.03567861105065617,0.0358664495179021,0.05611445712692572,0.03616247307855627,48.276428571428575,48.262617034822654,53.787704968871594,-0.0826814727445393,1.4206275665751915,0,0.0
2022-05-17,48.29,47.07,48.29,46.3,1205199.0,-0.029515486348008046,0.04208253879326218,-0.012279927980197058,0.029009075694141313,0.056497501375647484,0.03625386196020565,48.13857142857143,48.10360143017964,50.087612112434165,-0.23375141711237002,1.3621897122970992,0,0.0
2022-05-18,46.9,48.7,49.49,46.72,1208807.0,0.034043174675493226,0.05759829044382325,0.002989224290738335,0.028953240389644,0.05600100718763473,0.03515978228765273,48.388571428571424,48.18312123948902,54.0249692780719,-0.22458152755512284,1.3060443304083185,0,0.0
2022-05-19,47.7,47.58,48.33,46.85,1031007.0,-0.023266525213732514,0.03110147717256151,-0.15909792829009284,0.025415645252149018,0.045083825126227814,0.033158551352377844,48.64785714285715,48.10270507422382,51.045304773500575,-0.2904438239873053,1.2334333744114923,0,0.0
2022-05-20,47.99,49.98,50.36,47.58,2166407.0,0.049210420531994536,0.05678470430133453,0.7425340403610026,0.02984352063411614,0.04390904449839864,0.1824394279725259,48.682142857142864,48.35301106432731,56.57262154405633,-0.17458207370762757,1.1897878559845854,0,0.0
2022-05-23,50.0,49.81,50.35,49.1,1430085.0,-0.003407158321614201,0.025139584364096468,-0.41533615183277384,0.029664872554618603,0.043551054044630694,0.18123967161170645,48.942857142857136,48.54727625575034,56.089535810141975,-0.11450636408198567,1.161161264964089,0,0.0
2022-05-24,49.85,45.97,49.89,45.8,1966375.0,-0.08022675726705542,0.08553649075280712,0.3184578630957944,0.03551829108594516,0.043874224767146405,0.1812312858396124,48.81357142857143,48.2036394216503,46.44237872283702,-0.3264953749969062,1.0795374212148625,0,0.0
2022-05-25,46.05,46.9,46.9,45.2,897700.0,0.02002866563409711,0.03692058861404801,-0.7841110883800262,0.036567785769365584,0.04393566572706586,0.1812795411475694,48.59214285714285,48.029820832096924,48.74179350179308,-0.39274206231664,0.9813519056357025,0,0.0
2022-05-26,47.29,46.69,48.8,46.62,1005650.0,-0.004487666469388252,0.04570067925149068,0.11355344083658814,0.036524539796125674,0.04295262316024293,0.17936081412630195,48.42857142857143,47.851178054484,48.23816781566449,-0.43602452203672115,0.8723457751265222,0,0.0
2022-05-27,46.99,46.29,47.48,46.18,808150.0,-0.008604053939666123,0.02776176581511791,-0.21864169274341272,0.036162473078556245,0.04294777431311919,0.1796702127159217,48.267857142857146,47.6430209805528,47.23698380373485,-0.4737760787698989,0.7539017554340476,0,0.0
2022-05-30,46.28,46.61,46.93,45.38,779442.0,0.006889155341470055,0.03358565045463058,-0.03616940579724215,0.03625386196020562,0.04276808245032598,0.18008140955874916,47.96857142857143,47.505284849812426,48.16387823584815,-0.4590534242095693,0.6391383993816554,0,0.0
2022-05-31,46.61,46.8,47.0,44.93,1058242.0,0.004068092538951795,0.045041878627989806,0.30578604066351645,0.03515978228765271,0.04029221765150965,0.17912318884777934,47.74928571428571,47.41124686983744,48.73967644323658,-0.41946275717051384,0.534272710089027,0,0.0
2022-06-01,46.19,47.09,47.15,46.16,767556.0,0.006177461331862144,0.021220386879622133,-0.3211528787531144,0.033158551352377816,0.040093599942955666,0.17910532728787476,47.590714285714284,47.36841395385912,49.65883440698566,-0.3590229030159718,0.4445169843350341,0,0.0
2022-06-02,27.68,26.66,27.68,26.15,1622204.0,-0.5688963495049006,0.05686094023853672,0.748329556451429,0.18243942797252588,0.11139244383724942,0.1788320496514308,46.045,44.607292093344576,21.03839022631638,-1.6101672478033742,0.04197517238419057,0,0.0
2022-06-06,26.78,27.45,28.31,26.69,2024324.0,0.029201853204976924,0.05892613570737515,0.22145009922704872,0.18123967161170643,0.11147690397075508,0.023617745336198075,44.542857142857144,42.3196531475653,22.889102952940405,-2.2599193818354983,-0.523004673074684,0,0.0
2022-06-07,27.49,27.35,28.18,27.0,1627188.0,-0.003649639087549339,0.04277564046620519,-0.2183824460116206,0.18123128583961237,0.11145954255901941,0.02120659885208974,43.13428571428572,40.32369939455659,22.81620354645581,-2.550316355930821,-1.1605837620573891,0,0.0
2022-06-08,27.03,26.5,27.49,26.16,1510365.0,-0.03157179587581371,0.04959077558815661,-0.07450202818258056,0.18127954114756933,0.11136805036753902,0.021661766309543196,41.548571428571435,38.48053947528238,22.169862367624475,-2.6423039494158864,-1.821159749411361,0,0.0
2022-06-09,26.51,25.04,26.62,24.85,1890180.0,-0.056670186760278796,0.06880506042432799,0.2243207191608132,0.1793608141263019,0.11123106028289206,0.021689206094247446,39.93857142857143,36.68846754524473,21.065989834762306,-2.6380166750550504,-2.4806639181751233,0,0.0
2022-06-10,24.61,25.13,25.23,24.61,953566.0,0.0035878053236029217,0.024880898250001948,-0.6842187003010292,0.17967021271592168,0.1107702283477519,0.010770845546986185,38.16357142857142,35.1473385392121,21.32604247306007,-2.4686809721531815,-3.097834161213419,0,0.0
2022-06-13,24.75,25.2,25.4,24.61,994670.0,0.0027816429618767735,0.03159630962152615,0.04220238254332287,0.18008140955874913,0.11083184397057329,0.014677562902284872,36.40571428571429,33.82102673398382,21.542549254386174,-2.2004226990992954,-3.647939835988243,0,0.0
2022-06-14,25.04,24.67,25.09,23.88,1344765.0,-0.021256063976112127,0.04942807185392972,0.3015635317244616,0.1791231888477793,0.10774879561057683,0.014927971301418933,34.88428571428572,32.600889836119315,21.069765311913443,-1.917499607331644,-4.127314737821154,0,0.0
2022-06-15,24.66,24.76,25.1,24.5,1008980.0,0.0036415172751302904,0.024194728587056957,-0.2872793570292149,0.17910532728787473,0.10748688669450195,0.011966889913075542,33.30285714285714,31.555437857970073,21.38528089490967,-1.59627886623531,-4.526384454379982,0,0.0
2022-06-16,24.86,24.75,25.15,24.66,748160.0,-0.00040395880169619147,0.019675398809549716,-0.2990783397079593,0.1788320496514308,0.10705624048921547,0.013007553885808562,31.735714285714288,30.648046143574064,21.37505675297689,-1.2706363464805008,-4.844043541000108,0,0.0
2022-06-17,24.5,24.77,24.84,24.21,714738.0,0.0008077544865687791,0.025689486115310523,-0.04570081686925853,0.02361774533619799,0.1063964095275506,0.013391960171304063,30.198571428571427,29.86430665776419,21.455936531891524,-0.954482493339472,-5.082664164334976,0,0.0
2022-06-20,24.8,25.08,25.45,24.5,946105.0,0.01243747226345171,0.03804262544585013,0.28043751457565413,0.021206598852089642,0.10659732166674712,0.012882213512741495,28.660714285714285,29.226399103395632,22.78185060787878,-0.6401666788256719,-5.242705834041395,0,0.0
2022-06-21,25.49,25.22,25.7,24.9,947870.0,0.0055666147720536685,0.03162318843051226,0.0018638055000028686,0.021661766309543102,0.10669327753468177,0.013180914171608648,27.119285714285716,28.692212556276214,23.41066337175731,-0.3528697991893175,-5.330923283838725,0,0.0
2022-06-22,25.3,25.75,25.95,24.86,1535755.0,0.02079729657297147,0.042911523529332474,0.48256003372692824,0.021689206094247356,0.10624999140147742,0.019889902734157913,25.595,28.29991754877272,25.87170241196027,-0.07187529111704638,-5.3488921066179875,0,0.0
2022-06-23,25.6,25.97,26.1,25.4,1184849.0,0.008507398564912005,0.027186140304157114,-0.25940677648748434,0.01077084554698602,0.10640063951024457,0.01999837340139115,25.545714285714286,27.989261875603024,26.92141836968159,0.1708191586653749,-5.306187316951644,0,0.0
2022-06-24,26.09,26.9,27.2,25.89,1881230.0,0.03518426093313609,0.04936017953850502,0.4623104779219478,0.014677562902284752,0.10689535147231047,0.023201406642489292,25.506428571428568,27.844026958855952,31.347209543636353,0.4217066397107718,-5.200760657023951,0,0.0
2022-06-27,26.88,27.36,27.7,26.63,2235505.0,0.01695580614655645,0.03939401336745174,0.17254133509619507,0.014927971301418819,0.10711014719128459,0.02295903969439574,25.50714285714286,27.779490031008493,33.49271486156074,0.6336219609694229,-5.042355166781595,0,0.0
2022-06-28,27.97,27.22,27.97,26.65,1359147.0,-0.00513009553102961,0.04834335660201505,-0.4976098562357816,0.011966889913075401,0.10705774694199642,0.023226338343744032,25.55857142857143,27.704891360207363,33.15312806224334,0.7702665852679011,-4.849788520464621,0,0.0
2022-06-29,27.35,27.03,27.69,26.5,2304989.0,-0.007004636934963671,0.04392660419069383,0.5282186071132369,0.013007553885808432,0.10706213156734065,0.023987858183685016,25.700714285714287,27.614905845513047,32.66901507068978,0.8476233813995924,-4.6378826751147235,0,0.0
2022-06-30,26.83,27.69,28.15,26.8,2456772.0,0.024123976894514065,0.04914546706888823,0.06377238893747084,0.01339196017130394,0.10690950813606033,0.022839714637776398,25.88357142857143,27.624918399444642,36.15651212457262,0.936077653455393,-4.4038632617508755,0,0.0
2022-07-01,27.74,28.03,28.37,27.51,2185908.0,0.012204027993826472,0.03078267388427669,-0.11681699027354675,0.012882213512741368,0.10705468200126511,0.022841654982682678,26.085714285714285,27.678929279518687,37.93984095642942,1.0042955265787565,-4.152789380106187,0,0.0
2022-07-04,28.0,28.63,28.8,27.63,2063833.0,0.02117975393332694,0.041473248206575164,-0.05746636937373317,0.013180914171608526,0.10657235920389761,0.024411388447620364,26.368571428571425,27.8057387089162,41.06823390959867,1.0705571232010658,-3.8851500993059207,0,0.0
2022-07-05,28.63,30.46,31.88,28.59,5607449.0,0.06195922835699186,0.10892184758779377,0.9995309589156207,0.01988990273415784,0.10755676600564333,0.024769094351457795,26.775714285714287,28.159640214394038,49.43971748370027,1.20817473148536,-3.583106416434581,0,0.0
2022-07-06,30.81,30.82,31.7,30.33,4192410.0,0.011749482424954216,0.04417935918274507,-0.29082014482914254,0.019998373401391073,0.10698382292219365,0.02439954752183827,27.209285714285716,28.51435485247483,50.916856721282066,1.2867371226414996,-3.261422135774206,0,0.0
2022-07-07,31.0,32.65,33.8,30.81,5753851.0,0.0576810258304703,0.09262148988039653,0.31659362218490905,0.023201406642489233,0.10760767396307226,0.032385134491119925,27.772142857142857,29.065774205478185,57.684597168196355,1.4150457090580963,-2.9076607085096824,0,0.0
2022-07-08,33.35,33.65,35.0,33.0,4951934.0,0.030168200368296372,0.058840500022933284,-0.15009116241935594,0.022959039694395677,0.10787758725129157,0.030910505345427306,28.384285714285713,29.67700431141443,60.86045257044584,1.5116142624262219,-2.5297571429031267,0,0.0
2022-07-11,33.57,34.0,34.55,33.01,3093075.0,0.010347468525425008,0.045597004348577386,-0.47061246563360726,0.02322633834374397,0.10794706649534556,0.0310305643371452,29.01142857142857,30.25340373655917,61.93720447995011,1.538299738692988,-2.1451822082298797,0,0.0
2022-07-12,33.98,33.64,34.2,32.8,2737548.0,-0.010644689511414285,0.04179712867846197,-0.12210311247609518,0.023987858183684953,0.10789832660717975,0.04117342588562135,29.575,30.704949905017948,60.10559087114002,1.4709683217501779,-1.7774401277923355,0,0.0
2022-07-13,33.12,33.75,34.27,33.12,1742295.0,0.003264582213791556,0.034133006369458485,-0.4518594195627106,0.022839714637776336,0.10789459031815864,0.041212814148473165,30.130714285714287,31.110956584348887,60.49006177649415,1.3748802293322686,-1.4337200704592685,0,0.0
2022-07-14,33.76,34.42,34.78,32.88,2598690.0,0.019657373464854633,0.056177938738157795,0.39980426222770404,0.02284165498268262,0.10799616932353436,0.041737357325582335,30.667857142857144,31.55216237310237,62.839173176817155,1.2984093680041062,-1.109117728458242,0,0.0
2022-07-15,34.31,34.2,35.5,33.42,2516647.0,-0.0064121467148337,0.06037817331412221,-0.032080011907710926,0.024411388447620308,0.0233687156593454,0.04260849207793137,31.15642857142857,31.905207390022056,61.545203685855945,1.1784858775983917,-0.8144962590586442,0,0.0
2022-07-18,34.88,34.42,35.06,33.52,2154566.0,0.0064121467148337,0.04491860387920621,-0.155338148830527,0.024769094351457736,0.023033908003245115,0.04189006002999804,31.670714285714286,32.24051307135245,62.379467105094434,1.0630074730169676,-0.5487443908044023,0,0.0
2022-07-19,34.21,36.55,37.18,33.84,2841220.0,0.060043395412393785,0.09412744755527491,0.27664422623369234,0.024399547521838216,0.024831941503571646,0.04389516844307089,32.35071428571428,32.81511132850546,69.31943739110513,1.0758376597381933,-0.279784975869854,0,0.0
2022-07-20,37.29,34.81,37.79,34.34,5891124.0,-0.048776484372439644,0.09573366189206833,0.7292132739799868,0.03238513449111988,0.025988869042580538,0.04560739964370577,32.85928571428571,33.08109648470473,59.64048866196548,0.9189901955281374,-0.050037426987819655,0,0.0
2022-07-21,35.35,36.5,37.0,34.65,3231632.0,0.04740755876509839,0.06562018700831196,-0.6004595385858948,0.030910505345427254,0.02375852848039476,0.04173430099624715,33.464285714285715,33.5369502867441,64.78374809794732,0.8808142925151164,0.17016614614095948,0,0.0
2022-07-22,36.45,36.0,37.77,35.68,2580155.0,-0.013793322132336083,0.0569248290125568,-0.225137798141688,0.03103056433714515,0.024192855516082218,0.03981424971551679,33.99071428571428,33.86535691517822,62.25595560854499,0.7772524312251088,0.36447925394723674,0,0.0
2022-07-25,36.29,39.47,40.39,35.3,5806352.0,0.09202195121864598,0.13469926563607038,0.8111030160540267,0.041173425885621305,0.0281803550567256,0.03985431287181103,34.63428571428572,34.61264265982112,70.77778194093062,0.8897214117636403,0.5869096068881468,0,0.0
2022-07-26,39.47,39.03,39.62,37.8,4064921.0,-0.011210308482232367,0.04702493864486268,-0.35655818208576484,0.04121281414847312,0.027792225918095735,0.026970252744498043,35.22071428571429,35.201623638511634,68.66087643303369,0.8801436083447942,0.8069455089743454,0,0.0
2022-07-27,39.04,40.65,40.98,38.0,3369712.0,0.04066825480129621,0.07549798308436806,-0.18756702784487622,0.04173735732558229,0.028077719046804443,0.02833509622605522,35.792142857142856,35.928073820043416,71.98339251367908,0.9240296916085857,1.037952931876492,0,0.0
2022-07-28,40.65,40.3,41.7,39.91,2351322.0,-0.00864736704118263,0.04387420974411382,-0.3598495575978813,0.04260849207793133,0.028288656703527617,0.02390568555943067,36.26714285714286,36.5109973107043,70.25051654166676,0.8712984739744891,1.2557775503701143,0,0.0
2022-07-29,40.3,41.07,41.48,40.0,2588262.0,0.018926459015830233,0.03633192924739026,0.09600888481680414,0.041890060029998,0.028140608180527313,0.024028151218767106,36.77214285714286,37.11886433594373,71.85572905440495,0.8302635794963789,1.4633434452442091,0,0.0
2022-08-01,40.85,40.1,41.22,39.11,4170279.0,-0.02390159365594391,0.05254538669489017,0.4769963320567605,0.043895168443070856,0.029102953956974657,0.022623814590945576,37.23357142857143,37.51634909115123,66.95456760213443,0.6857757570670375,1.6347873845109686,0,0.0
2022-08-02,39.81,38.03,39.89,37.1,4609042.0,-0.053001012372355216,0.07250869630392565,0.10003708625523089,0.04560739964370573,0.0316547457472604,0.022221065945324515,37.53928571428571,37.58483587899773,57.881381989728744,0.41225748215271896,1.7378517550491486,0,0.0
2022-08-03,38.11,38.13,39.79,37.9,2665373.0,0.0026260519293042073,0.048664512350456324,-0.5476760160021019,0.04173430099624712,0.031687918809618666,0.022063985225164843,37.80428571428571,37.657524428464704,58.17624274183912,0.20974841158600888,1.790288857945651,0,0.0
2022-08-04,37.37,38.92,39.37,37.32,2525997.0,0.02050688344833196,0.05347472897650318,-0.053708174021382504,0.03981424971551676,0.03170386612470233,0.024072811533671933,38.14142857142857,37.82585450466941,60.5272400117332,0.10591852371339572,1.816768488874,0,0.0
2022-08-05,38.68,38.36,39.48,37.88,2576627.0,-0.014493007302566863,0.04137094624740323,0.01984534296696161,0.039854312871811,0.03182853977470924,0.0231181995862869,38.42285714285715,37.89707390404682,58.03678860723485,-0.017013485781464333,1.8125151174286342,0,0.0
2022-08-08,38.11,39.06,39.47,37.48,1166485.0,0.018083675433295365,0.05173343230453442,-0.7924862258292844,0.026970252744497995,0.03183546892912151,0.023142470477692058,38.60214285714286,38.05213071684058,60.23909701193891,-0.06502500238050524,1.7962588668335082,0,0.0
2022-08-09,39.23,37.92,39.49,37.7,1730539.0,-0.029620248061711596,0.04638738084459293,0.39443796726155966,0.02833509622605517,0.03259137011575063,0.021748153627766876,38.824285714285715,38.0345132879285,55.16172748162332,-0.18083725873906675,1.7510495521487417,0,0.0
2022-08-10,38.05,37.43,38.54,37.21,1428914.0,-0.013006155470483893,0.03511912062768907,-0.19151820548706766,0.023905685559430605,0.032724167776396945,0.020322657518944468,38.89071428571429,37.9539115162047,53.090384110244564,-0.2911809892375281,1.67825430483936,0,0.0
2022-08-11,37.83,37.41,38.1,37.25,1317030.0,-0.0005344735562826664,0.0225623373070869,-0.0815355136463225,0.02402815121876704,0.032688943986239234,0.020932875934202302,38.99142857142857,37.881389980710736,53.00289933784408,-0.3616547906141052,1.5878406071858338,0,0.0
2022-08-12,37.41,36.5,38.14,36.38,1307121.0,-0.02462578777160873,0.0472444270822967,-0.007552192764146426,0.022623814590945503,0.03329049035372762,0.021801918479581513,38.77928571428571,37.697204649949306,49.042953081226216,-0.4594179760800343,1.4729861131658253,0,0.0
2022-08-15,36.58,36.14,37.1,35.87,1102517.0,-0.009911975424363728,0.03371567806919851,-0.17023126105972075,0.022221065945324442,0.033375697692264936,0.021325571055773967,38.57285714285714,37.4895773632894,47.53007491350232,-0.5330138894839149,1.3397326407948467,0,0.0
2022-08-16,36.4,37.65,37.68,35.9,2025432.0,0.04093266908182036,0.04839215421392895,0.6081872634183974,0.022063985225164777,0.03240504143379219,0.043238745231062484,38.35857142857143,37.51096704818414,53.947226041405635,-0.4670503277542626,1.222970058856281,0,0.0
2022-08-17,37.6,36.46,38.3,36.28,1885411.0,-0.03211718499538563,0.05418327093966413,-0.07163717687090454,0.024072811533671874,0.03316706884646548,0.04169383680534043,38.08428571428572,37.370838108426256,48.87420962332016,-0.4883146997689076,1.1008913839140542,0,0.0
2022-08-18,36.53,36.85,37.0,36.0,1181288.0,0.010639849384828537,0.027398974188114433,-0.46754046564804774,0.02311819958628683,0.03169953036033555,0.04517844851397744,37.78285714285715,37.30139302730276,50.516536383174774,-0.4611922604412606,0.9855933188037391,0,0.0
2022-08-19,36.85,36.3,37.12,35.65,1522590.0,-0.015037877364540542,0.040406761057694585,0.25380746353472183,0.02314247047769199,0.03148811440640919,0.045225173650697205,37.51142857142857,37.16787395699572,48.16664031364332,-0.46410116179730676,0.8695680283544125,0,0.0
2022-08-22,35.94,36.29,37.15,35.7,879010.0,-0.00027552004582620526,0.039813082378175046,-0.5493718369526803,0.021748153627766803,0.031456849562620515,0.04524928996041917,37.387142857142855,37.05082409606296,48.12280864044786,-0.450161317387032,0.7570276990076545,0,0.0
2022-08-23,36.29,36.24,36.7,35.85,727130.0,-0.0013787400502001113,0.023433188014895467,-0.18969099558069047,0.020322657518944395,0.03137203512171617,0.04526370113240972,37.25214285714286,36.9427142165879,47.88815651021272,-0.4279184530754694,0.6500480857387874,0,0.0
2022-08-24,36.24,35.45,36.61,34.8,1376880.0,-0.022040228196642087,0.05070404035171627,0.6384700703576733,0.020932875934202236,0.03168884008654452,0.0452847766088079,37.00428571428572,36.74368565437618,44.219327758062036,-0.44788718295932795,0.5380762899989554,0,0.0
2022-08-25,35.03,34.54,35.79,34.32,803758.0,-0.026005180259604188,0.041940250158173153,-0.5382771201157279,0.021801918479581447,0.0318894907173584,0.04790815094074897,36.73142857142857,36.449860900459356,40.381538139690264,-0.4999038226630096,0.41310033433320303,0,0.0
2022-08-26,34.95,33.93,35.1,33.6,1142757.0,-0.017818493922393763,0.04367506350266126,0.3519008139213682,0.021325571055773897,0.03203766193740794,0.04732915630116817,36.365,36.113879447064775,38.00067998639107,-0.5489959920865901,0.27585133631155556,0,0.0
2022-08-29,33.96,37.95,38.76,33.13,3427196.0,0.1119699250455004,0.15694957071076088,1.0982986703518627,0.04323874523106245,0.038031952333118686,0.04716510892861068,36.36714285714286,36.358695520789475,56.290439812614785,-0.2969546111606361,0.20161268352139655,0,0.0
2022-08-30,37.95,37.34,38.28,36.67,1558056.0,-0.01620436572806261,0.04296858450151886,-0.7883035438171575,0.0416938368053404,0.03662781774604711,0.030373856162586466,36.36071428571429,36.48953611801755,53.70164783716018,-0.16417994431791375,0.16056769744191815,0,0.0
2022-08-31,37.5,35.08,37.5,34.98,1437462.0,-0.06243397060959399,0.06956446338590938,-0.08055983176257797,0.045178448513977405,0.03734204513676674,0.031477216212157266,36.19428571428572,36.30159796894854,45.37544969984071,-0.21804455671382234,0.10605655826346255,0,0.0
2022-09-01,35.15,35.5,36.65,34.78,1469348.0,0.01190152897738761,0.05237091940652361,0.021939706426509886,0.04522517365069717,0.03634549630521108,0.02646351036386573,36.12285714285714,36.1947182397554,47.019447187111446,-0.21453907486199583,0.052421789547963595,0,0.0
2022-09-02,35.46,35.89,36.27,35.0,635330.0,0.010926008678145749,0.0356428918053977,-0.8384294950234441,0.04524928996041914,0.036323921624745084,0.02629496563640979,36.105,36.15408914112135,48.56737936456247,-0.17668444449644188,0.00825067842385313,0,0.0
2022-09-05,36.3,35.98,36.7,35.3,807468.0,0.002504523362871325,0.03889379112127367,0.2397588768860519,0.04526370113240969,0.03190300441899064,0.025871829557428713,35.98571428571429,36.1308772556385,48.93814088244498,-0.1380274351283537,-0.026256180358235293,0,0.0
2022-09-06,35.99,36.11,36.66,35.05,735290.0,0.0036066067669793256,0.04491062893095954,-0.09363844661011456,0.04528477660880787,0.031887580163553794,0.02760469776762401,35.96071428571429,36.12809362155337,49.50437402361283,-0.09802667545744992,-0.05076284922259777,0,0.0
2022-09-07,36.11,38.23,38.5,35.9,1591931.0,0.05705071241895476,0.06992094579950558,0.7724380445380117,0.04790815094074894,0.032781709282964235,0.029196170670093165,36.059285714285714,36.40834780534625,57.7353784963424,0.06793998856969452,-0.03377785208017414,0,0.0
2022-09-08,38.17,37.56,38.66,37.38,758770.0,-0.017680893368258843,0.03366967175276825,-0.7410043225868677,0.04732915630116815,0.032885761599442835,0.01922454641521583,36.14928571428571,36.561901431300086,54.700680806469464,0.12595326327894724,-0.0022895362604373297,0,0.0
2022-09-09,37.7,37.0,38.0,36.41,747107.0,-0.015021741695838031,0.04274269753904347,-0.015490286669470166,0.04716510892861066,0.032712116843940486,0.022086846037370895,36.2,36.62031457379341,52.229594149623665,0.11999516330098686,0.027709254564809386,0,0.0
2022-09-13,37.2,37.36,38.18,36.91,778570.0,0.009682700716417525,0.0338293012556945,0.04125048923773811,0.03037385616258642,0.032563425598845015,0.02360821458658306,36.28,36.71893929728762,53.678295719881575,0.13269213590925982,0.060882288542124345,0,0.0
2022-09-14,37.08,36.23,37.35,35.95,876360.0,-0.030713108453656268,0.03820382741177086,0.11831806168211045,0.03147721621215722,0.031608442842805014,0.025236258197377445,36.33571428571429,36.6537473909826,48.68720494052682,0.0610253990139714,0.07613863829561719,0,0.0
2022-09-15,36.66,35.0,36.66,34.53,969525.0,-0.03453944341757209,0.059857731009657744,0.1010292954181029,0.026463510363865673,0.032159951747128726,0.02432733998475672,36.36857142857143,36.43324773885159,43.90208082670745,-0.06628284344006918,0.0595679274355999,0,0.0
2022-09-16,35.2,34.61,36.28,34.53,786458.0,-0.01120540384216051,0.04943811384503505,-0.2092669409099912,0.026294965636409734,0.031885590050205144,0.022624829088341486,36.417142857142856,36.190148040338045,42.47656535522262,-0.16803448557221692,0.01755930604254567,0,0.0
2022-09-19,34.59,34.41,35.43,34.16,462768.0,-0.005795437837864181,0.036503549957011217,-0.5303134713379958,0.025871829557428654,0.03182555144122828,0.027881855393936325,36.16428571428572,35.95279496829297,41.72827976235113,-0.2359254158111947,-0.04142204791025301,0,0.0
2022-09-20,34.36,35.33,35.88,34.24,586028.0,0.026385241561664774,0.046785485917054004,0.23614172141534162,0.027604697767623955,0.03205604545487597,0.030415589198255943,36.020714285714284,35.86975563918724,46.40542976801217,-0.20702064785773433,-0.09317720987468658,0,0.0
2022-09-21,34.99,34.18,34.99,33.9,476220.0,-0.03309178368360888,0.03164729199319227,-0.20748763767463707,0.02919617067009311,0.03216026055271351,0.028311281391614304,35.95642857142857,35.64445488729561,41.880329131251194,-0.250592169390662,-0.1558252522223521,0,0.0
2022-09-22,34.4,33.79,34.87,33.75,367244.0,-0.011475776961246353,0.03264644336902078,-0.2598534550549694,0.019224546415215735,0.032145808870421004,0.03694495328514105,35.83428571428571,35.397194235656194,40.44012714506761,-0.2882337591722641,-0.22788369201541814,0,0.0
2022-09-23,34.01,32.25,34.01,32.12,870106.0,-0.04664685748441677,0.057175709940542774,0.8625885660314427,0.02208684603737081,0.03309208321603913,0.03667511042150543,35.574285714285715,34.9775683375687,35.28080544922027,-0.39291871862734484,-0.3261133716722544,0,0.0
2022-09-26,32.0,32.61,33.34,31.9,727100.0,0.011100946559446268,0.0441518675318493,-0.17955102365130138,0.023608214586582982,0.033002221583965076,0.03810839807989051,35.333571428571425,34.66189255922621,37.29476327012492,-0.4119883022969324,-0.4291104472464875,0,0.0
2022-09-27,32.81,33.35,33.69,32.6,638186.0,0.0224387825604051,0.03288876904579974,-0.13043424274944115,0.025236258197377372,0.0333211467276182,0.03829498479684251,35.13642857142857,34.486973551329385,41.335900320342546,-0.3512064510543602,-0.5169120600100776,0,0.0
2022-09-28,33.35,33.16,33.75,33.02,489509.0,-0.005713442094538834,0.02186697882655686,-0.2652269289967535,0.024327339984756648,0.032288277331787844,0.038229471126623275,34.77428571428572,34.31004374448547,40.612193314479455,-0.30211150927430075,-0.5924399373286529,0,0.0
2022-09-29,33.15,33.09,33.67,32.5,484290.0,-0.002113208333573091,0.03536714383729134,-0.010718947072268392,0.022624829088341417,0.03185657934327297,0.040478045578057405,34.455,34.14737124522074,40.332027877600076,-0.25456864100732135,-0.6560820975804833,0,0.0
2022-09-30,33.47,31.26,33.47,31.14,693374.0,-0.05689179694019053,0.07215634881738264,0.3588856353157901,0.027881855393936263,0.03320013760446576,0.03989902450738667,34.045,33.76238841252464,33.77267107621442,-0.32222973295738233,-0.7366395308198289,0,0.0
2022-10-10,31.94,32.15,32.83,31.35,834717.0,0.02807312569029774,0.04612846443457164,0.1855232090947343,0.030415589198255894,0.03370156369976607,0.028148775908279855,33.67285714285714,33.54740329085469,38.9710804622857,-0.2842330567293916,-0.8076977950021769,0,0.0
2022-10-11,31.37,32.17,32.79,31.28,646739.0,0.000621890567306771,0.04714467517944643,-0.255149932444084,0.02831128139161425,0.03370542462732738,0.03966827919571499,33.38285714285714,33.36374951874073,39.086790063586854,-0.2368775297835557,-0.8669171774480657,0,0.0
2022-10-12,32.49,34.6,34.74,31.39,1156011.0,0.07281934081274377,0.10140238995909634,0.5807877519539968,0.03694495328514101,0.03651119542851587,0.03961384190931383,33.354285714285716,33.52858291624197,51.19453206653795,-0.03179804988630519,-0.8748666899196421,0,0.0
2022-10-13,34.6,34.67,35.18,33.82,720982.0,0.00202107763325321,0.03942539583897764,-0.4721163931106105,0.03667511042150539,0.03630913924443415,0.03572241460473394,33.35857142857143,33.68077186074304,51.493639230152766,0.11085193046425279,-0.8471537073035791,0,0.0
2022-10-14,35.9,37.25,37.6,35.9,2755356.0,0.0717771851286364,0.04626675490161558,1.3406877611922337,0.038108398079890485,0.0382975060317904,0.04475230450457108,33.56142857142857,34.1566689459773,60.984434213784574,0.366824044481208,-0.7554476961832771,0,0.0
2022-10-17,37.24,38.28,39.34,37.24,1905634.0,0.027275621759184965,0.05485836055204674,-0.3687318922482863,0.038294984796842485,0.038356707235854756,0.04089590009327225,33.77214285714286,34.706446419847,64.01180854227496,0.5806523501594446,-0.610284608643416,0,0.0
2022-10-18,38.34,38.9,39.69,38.0,1644954.0,0.01606668403964706,0.04351310706858813,-0.14710234130867228,0.03822947112662325,0.03261658498961148,0.04064777489585645,34.10928571428571,35.265586897200734,65.73531950189746,0.7293678337888972,-0.4279426501961917,0,0.0
2022-10-19,38.7,41.55,42.3,38.55,3381239.0,0.06590327067705681,0.09283098604289375,0.720529790072101,0.04047804557805738,0.03452735297114757,0.040485534901154585,34.66357142857142,36.103508644240634,71.92435107249351,0.9573634313313263,-0.18860179236336014,0,0.0
2022-10-20,41.54,41.9,43.07,40.9,1989881.0,0.008388305626634729,0.051696636017263486,-0.5301673724192177,0.039899024507386645,0.03220235979461962,0.033501380033807954,35.35285714285714,36.87637415834188,72.62757894727375,1.0741357106999907,0.07993213531163754,0,0.0
2022-10-21,41.99,43.2,44.26,41.75,1644094.0,0.030554668321972844,0.058381883326038775,-0.1908853653384135,0.02814877590827983,0.03250049843125005,0.03311775145045516,36.10928571428572,37.719524270562964,75.12028812097867,1.1732525812163028,0.37324528061571327,0,0.0
2022-10-24,43.2,40.86,43.8,40.68,2659148.0,-0.05568890586058872,0.07389724620204108,0.480816298119505,0.039668279195714966,0.034410277989609044,0.030899961920031395,36.645714285714284,38.13825436782124,63.849085217338455,1.0211371371172726,0.6285295648950315,0,0.0
2022-10-25,41.11,40.92,41.63,40.23,1668995.0,0.0014673516939498477,0.034208075245186986,-0.4657841218651484,0.03961384190931381,0.03441268907922461,0.028341840282573343,37.2,38.50915378544508,63.99824672030953,0.8703633034067031,0.8461203907467074,0,0.0
2022-10-26,40.5,41.77,42.88,40.5,2054750.0,0.02055943742565791,0.05710354265005346,0.20793253717713434,0.03572241460473391,0.034540061494028454,0.029165351215568812,37.82,38.94393328071907,66.13031438433971,0.7767663989924625,1.040311990494823,0,0.0
2022-10-27,41.0,39.08,42.41,38.78,2526653.0,-0.0665675513345021,0.08947953367199357,0.2067413159540923,0.04475230450457105,0.03545979942264887,0.028616723884540334,38.378571428571426,38.962075509956534,55.024477360751156,0.4962284528893959,1.1643691037171722,0,0.0
2022-10-28,39.08,38.0,39.47,37.68,1397752.0,-0.028024667448196094,0.046411439966593804,-0.5920302702059281,0.040895900093272215,0.0356945323655831,0.0211920891450833,38.79642857142858,38.83379877529566,51.29952909012456,0.2148411799328913,1.218079398700395,0,0.0
2022-10-31,37.98,38.9,39.35,37.72,1328459.0,0.023408090898014766,0.042305517098155665,-0.050845607927437086,0.040647774895856414,0.0358118208961881,0.019434513992435884,39.277142857142856,38.842625605256245,54.08877398844736,0.07354165902965071,1.2364648134578078,0,0.0
2022-11-01,38.86,39.34,39.83,38.31,1448590.0,0.011247562336512473,0.03890943848099537,0.08657104567116214,0.04048553490115455,0.03582503272890228,0.01778002181027527,39.61571428571428,38.90894219122208,55.43266786336948,-0.0020701601382258072,1.2359472734232513,0,0.0
2022-11-02,40.01,38.96,40.21,38.6,1482604.0,-0.009706334186578403,0.04086344443839751,0.023209331661519172,0.03350138003380791,0.03537164436927476,0.020120775065791893,39.922142857142866,38.915749899059136,53.96353168899727,-0.08487226995401453,1.2147292059347476,0,0.0
2022-11-03,38.5,38.8,39.66,38.29,1450308.0,-0.004115232145106784,0.03515435760244667,-0.022024053530909526,0.03311775145045512,0.03470526175556055,0.019930993422929935,40.03285714285715,38.90031657918458,53.32272115080458,-0.15360716411729736,1.1763274149054233,0,0.0
2022-11-04,39.0,39.1,39.4,38.22,1668450.0,0.007702220362092227,0.030406877491761186,0.1401191040550387,0.03089996192003135,0.03460173594614071,0.02014180930343736,40.09142857142857,38.926941035293304,54.4157461284496,-0.18021557615109085,1.1312735208676505,0,0.0
2022-11-07,39.25,37.66,39.5,36.85,2708203.0,-0.03752394376231383,0.06944505327173056,0.4843902635888053,0.0283418402825733,0.03538947936585767,0.02004523865472312,40.00285714285714,38.758015563920864,48.54015415966308,-0.28965705567539923,1.0588592569488007,0,0.0
2022-11-08,37.67,38.23,38.66,36.42,1865190.0,0.01502202447931511,0.05968739948072299,-0.37292239073051014,0.029165351215568767,0.03519090207551367,0.015622173274107429,39.76571428571429,38.687613488731415,50.80453343208615,-0.3163459026644495,0.9797727812826884,0,0.0
2022-11-09,38.1,38.8,39.15,37.23,1200591.0,0.01479969892090649,0.05028553455218665,-0.44054898902667183,0.028616723884540292,0.03459580835717906,0.01774371528229371,39.544285714285714,38.70259835690056,53.03031734540813,-0.2890469130025377,0.907511053032054,0,0.0
2022-11-10,38.67,37.81,38.89,37.6,1050776.0,-0.0258466287263861,0.03373309777180733,-0.13328499672836713,0.02119208914508324,0.03491870433493816,0.018049062632172593,39.159285714285716,38.58358524264715,48.892729558212245,-0.32823721056617017,0.8254517503905114,0,0.0
2022-11-11,39.0,38.03,39.68,37.87,1740430.0,0.005801704037326605,0.04668804050296904,0.5046032703052443,0.019434513992435825,0.033596567881450615,0.016672105548271837,38.957142857142856,38.50977387696087,49.829522054089374,-0.3290797928762329,0.7431818021714532,0,0.0
2022-11-14,38.0,38.22,38.57,37.51,1076362.0,0.004983616871958585,0.027867208126340692,-0.48054537274644815,0.017780021810275205,0.03357993154914567,0.020046336244429173,38.76428571428572,38.471137360032756,50.670497004575466,-0.30700709112762514,0.666430029389547,0,0.0
2022-11-15,38.22,39.38,39.75,38.05,1333796.0,0.029899134398852834,0.043708756792645964,0.21444217587514203,0.020120775065791838,0.033738546428350266,0.01964115003271042,38.59357142857142,38.59231904536173,55.567441836430476,-0.20912575560798397,0.614148590487551,0,0.0
2022-11-16,39.28,39.17,39.94,38.56,957850.0,-0.005346925533239677,0.03516285824532428,-0.3310931017322325,0.01993099342292988,0.033734396976291915,0.01540734322350043,38.6,38.66934317264683,54.51242363644426,-0.15581369797850364,0.5751951659929251,0,0.0
2022-11-17,38.9,38.8,39.17,38.0,811000.0,-0.009490901048512246,0.0303249879513543,-0.16642313539569642,0.020141809303437303,0.03381899033064829,0.015546774281445845,38.65714285714286,38.686764082960586,52.61688856668487,-0.14308720171037104,0.5394233655653324,0,0.0
2022-11-18,38.92,38.54,39.63,38.06,1491163.0,-0.0067235836430072915,0.04042254533434031,0.6090435772763261,0.020045238654723064,0.031818568930881155,0.020875965940793047,38.63142857142857,38.66719553856584,51.26780950545164,-0.1491200252982583,0.5021433592407678,0,0.0
2022-11-21,38.31,38.85,38.96,37.82,703369.0,0.008011413827436087,0.02969741554402283,-0.7514299839750169,0.015622173274107365,0.031569785641255226,0.02248746931241539,38.596428571428575,38.691569466757066,52.821032114846666,-0.12987863348463324,0.4696737008696096,0,0.0
2022-11-22,39.0,37.78,39.49,37.6,1021242.0,-0.027928214740292834,0.04904342490270919,0.3728931651894758,0.017743715282293647,0.03217174373231839,0.024135698755314468,38.512142857142855,38.57002687118946,47.2259640989647,-0.18357687504494885,0.4237794821083724,0,0.0
2022-11-23,37.97,36.9,38.09,35.95,1330908.0,-0.02356831102688206,0.057822696323456935,0.264841882438267,0.018049062632172527,0.029937671003884083,0.023699892727860654,38.37642857142857,38.347356621697536,43.17537505183349,-0.2676335502164306,0.35687109455426475,0,0.0
2022-11-24,36.9,37.08,37.59,36.71,1001440.0,0.004866189651172803,0.023688860067343498,-0.2844224518680729,0.016672105548271768,0.02994177016091895,0.03474844510643559,38.232142857142854,38.17837573880453,44.229081564326265,-0.2980551989808646,0.28235729480904864,0,0.0
2022-11-25,36.89,35.66,36.9,35.6,1287962.0,-0.03904812826266024,0.035865913188496634,0.25162215994709136,0.02004633624442911,0.027828713476491143,0.03925078077234749,38.089285714285715,37.84259230696393,38.20963578448994,-0.3946936331982863,0.1836838865094771,0,0.0
2022-11-28,35.68,35.4,36.1,34.92,1123806.0,-0.007317792295265413,0.03323313436743369,-0.1363399854313414,0.019641150032710355,0.02730907319882023,0.037069401314201667,37.887142857142855,37.516913332702075,37.211039210697045,-0.4528414426393563,0.07047352584963801,0,0.0
2022-11-29,35.6,35.55,36.0,35.04,1261830.0,0.004228336109521003,0.027028672387919173,0.11584190952065931,0.015407343223500342,0.027114774029768272,0.037508027277929505,37.65500000000001,37.254658221675136,38.21428613491292,-0.45661851048889923,-0.0436811017725868,0,0.0
2022-11-30,35.8,35.47,36.21,35.15,975084.0,-0.002252887463719322,0.02971070552087607,-0.2577947060798298,0.015546774281445758,0.023794325434028415,0.03796278497572581,37.48785714285714,37.01670379211845,37.86677694462542,-0.43975638743543,-0.1536201986314443,0,0.0
2022-12-01,35.98,36.7,36.99,35.5,1382235.0,0.03408948627499431,0.04111490936299278,0.34893341215424023,0.02087596594079299,0.02474679927890264,0.03805913275189398,37.392857142857146,36.97447661983599,45.99790758708021,-0.3262385263636471,-0.23517983022235606,0,0.0
2022-12-02,37.25,37.48,37.69,36.3,976766.0,0.021030702309696725,0.03757706600823907,-0.3472099186313198,0.022487469312415336,0.024340446818162522,0.0370901961807146,37.339999999999996,37.04187973719119,50.42823303663919,-0.18606390021665303,-0.28169580527651933,0,0.0
2022-12-05,37.83,36.22,37.93,36.0,1216744.0,-0.03419600491495434,0.05222341724469759,0.21968660287641484,0.024135698755314412,0.023072218711620622,0.03790336669931699,37.11428571428571,36.93229577223236,44.12998895425776,-0.16629347260066601,-0.3232691734266859,0,0.0
2022-12-06,36.11,35.4,36.28,35.18,1216073.0,-0.022899632315538376,0.030788885937524046,-0.0005516239133598333,0.023699892727860602,0.023300233890804406,0.03732890352430953,36.845000000000006,36.72798966926804,40.578054462294176,-0.19456767395013957,-0.37191109191422084,0,0.0
2022-12-07,37.0,38.27,38.37,34.75,2377108.0,0.07795447929788235,0.09909633224806003,0.6702578081318915,0.034748445106435565,0.027444610957422046,0.03672111935054955,36.80714285714286,36.93359104669897,54.40927130781855,-0.015542499027276446,-0.37579671667104,0,0.0
2022-12-08,37.96,36.25,37.96,36.16,2172460.0,-0.05422691813692726,0.04857943821775157,-0.09002445674857285,0.03925078077234746,0.026535099590314058,0.024500446246337997,36.64357142857143,36.842445573805776,46.24955215607632,-0.028003838176914597,-0.38279767621526867,0,0.0
2022-12-09,36.25,36.23,36.72,35.94,890499.0,-0.0005518763936982474,0.021470684396876827,-0.8918334652378057,0.03706940131420163,0.026094441121932252,0.0194359411221546,36.45642857142857,36.76078616396501,46.175714273642996,-0.03213281660021039,-0.3908308803653213,0,0.0
2022-12-12,36.31,37.08,37.5,35.8,1318477.0,0.02319023579066881,0.04639303956971075,0.3924505818115058,0.03750802727792948,0.02608727384371883,0.019495777389315936,36.40642857142857,36.803348008769674,49.84089263651765,0.02477181983707627,-0.3846379254060523,0,0.0
2022-12-13,36.7,36.57,37.56,36.31,784340.0,-0.013849508536364574,0.03384646891381804,-0.5193899617653308,0.037962784975725784,0.02606355938120858,0.02324633727953604,36.38285714285714,36.77223494093372,47.740318172128006,0.030099625798617413,-0.377113018956398,0,0.0
2022-12-14,36.84,36.32,37.88,36.16,959400.0,-0.006859678428197125,0.0464697327939021,0.20146548925732866,0.03805913275189395,0.02604134190141177,0.023384375559018428,36.32857142857143,36.711936948809225,46.70127048187409,0.019344770691797353,-0.37227682628344866,0,0.0
2022-12-15,36.28,37.11,37.19,36.1,682790.0,0.021517921339413437,0.029747042598143647,-0.340120743831962,0.03709019618071457,0.02639911417092566,0.023415632184617053,36.43214285714286,36.76501202230133,50.37669591199824,0.06539968220141829,-0.3559269057330941,0,0.0
2022-12-16,36.81,35.86,37.17,35.81,712967.0,-0.03426400689551956,0.03727480029881969,0.04324779079723129,0.037903366699316945,0.02700056311361294,0.025563728725558055,36.464999999999996,36.64434375266115,45.079593655055696,0.014310486981919779,-0.35234928398761417,0,0.0
2022-12-19,35.61,34.91,36.51,34.86,574430.0,-0.026849147060041822,0.04624615557567058,-0.21605689125081895,0.037328903524309495,0.02659561268252412,0.025014311943764307,36.419285714285714,36.413097918972994,41.50741902301371,-0.07587588965624825,-0.37131825640167626,0,0.0
2022-12-20,35.23,34.94,35.38,34.62,471100.0,0.0008589835889658559,0.021715138983576132,-0.19830785907641868,0.03672111935054951,0.02639832001231888,0.03551070447241103,36.38142857142857,36.21668486310993,41.66462426433192,-0.12312565623811556,-0.4020996704612052,0,0.0
2022-12-21,34.86,34.02,35.37,34.0,549086.0,-0.02668371773819489,0.039503478601227826,0.1531846919871782,0.024500446246337935,0.026520016475335677,0.036134891986525954,36.19,35.92379354802861,38.26795869384179,-0.20133282896676352,-0.4524328777028961,0,0.0
2022-12-22,34.53,33.79,34.96,33.6,512947.0,-0.006783686241517373,0.03967848381817607,-0.0680825516998027,0.019435941122154528,0.026214609231365343,0.03456152330702116,35.926428571428566,35.6392877416248,37.4460639813232,-0.2503506886210751,-0.5150205498581648,0,0.0
2022-12-23,33.99,33.24,34.19,32.9,521469.0,-0.016410930738950835,0.03846054587988368,0.01647730276880388,0.01949577738931586,0.026249281740767707,0.03431824370711548,35.71357142857143,35.31938270940816,35.483486923342866,-0.29835470769166306,-0.5896092267810806,0,0.0
2022-12-26,32.74,34.64,34.77,32.74,531420.0,0.04125511370698698,0.060157374076781345,0.01890284028737277,0.023246337279535977,0.027505824303891875,0.03477145695308153,35.659285714285716,35.22879834815374,43.588247080095655,-0.2180823659489346,-0.6441298182683144,0,0.0
2022-12-27,34.65,34.82,35.18,33.99,523250.0,0.005182850645808479,0.034411375601387295,-0.015493307723438932,0.02338437555901837,0.026839898954222653,0.033033158202515775,35.41285714285714,35.17429190173324,44.5526952064712,-0.13897739120443786,-0.678874166069424,0,0.0
2022-12-28,34.82,34.81,35.18,34.1,611710.0,-0.0002872325166953793,0.031180355019940986,0.15619895267173511,0.023415632184616994,0.026847703576503,0.033067294473195424,35.309999999999995,35.12571964816881,44.507170050973045,-0.07655951150821594,-0.698014043946478,0,0.0
2022-12-29,34.81,33.1,35.05,32.97,1698344.0,-0.05037141944033019,0.06117755639695943,1.0211506236384693,0.025563728725557993,0.028145594940162943,0.032982594111981255,35.08642857142858,34.855623695079636,37.45848018515183,-0.13618836197673612,-0.7320611344406622,0,0.0
2022-12-30,33.29,33.44,33.96,32.55,1383018.0,0.0102195058334833,0.042405992788568714,-0.20538559087187025,0.025014311943764248,0.028285607874114344,0.026143218965962133,34.82642857142857,34.66687386906902,39.509788838991675,-0.13805128394964794,-0.7665739554280744,0,0.0
2023-01-03,33.41,36.15,36.5,33.41,1525741.0,0.07792416038827277,0.08845700421978098,0.09821212590443906,0.035510704472410996,0.03200691598967109,0.026160183790879792,34.79642857142857,34.86462401985982,52.79875254047544,0.04795252644351733,-0.7545858238171951,0,0.0
2023-01-04,36.57,37.07,37.88,35.51,1498399.0,0.025131068557867398,0.06460892136288132,-0.018082988917763387,0.03613489198652593,0.03201366876349471,0.013019751692496263,34.85,35.158674150545174,56.30797879721851,0.2276140262616143,-0.6976823172517915,0,0.0
2023-01-05,36.99,36.9,37.3,36.0,1145909.0,-0.00459646611615927,0.03547438819365967,-0.26819899626107,0.03456152330702114,0.031731108719234756,0.01275175085549444,34.835,35.39085093047248,55.48706896862921,0.32380210401652376,-0.6167317912476606,0,0.0
2023-01-06,36.94,37.65,37.88,36.8,915450.0,0.020121403199421017,0.02892542314299229,-0.224537739831435,0.034318243707115455,0.031933372574955876,0.013596193070670299,34.962857142857146,35.69207080640949,58.370587981107505,0.4206025602107287,-0.5115811511949785,0,0.0
2023-01-09,37.66,36.86,37.96,36.62,1055615.0,-0.02120600200422551,0.0359384344953626,0.1424630667975979,0.03477145695308151,0.03133173413747122,0.01296742915580426,35.10214285714286,35.84779469888822,54.37495105988551,0.41347456288500883,-0.4082125104737263,0,0.0
2023-01-10,37.19,37.07,37.39,36.63,642970.0,0.005681064920963763,0.020535712198299194,-0.4957807476056306,0.03303315820251575,0.031301128981370795,0.016882680526472283,35.254285714285714,36.01075540570313,55.25183886330847,0.4044551573715482,-0.3070987211308393,0,0.0
2023-01-11,37.08,37.14,38.2,36.77,931384.0,0.00188653876191891,0.03815322029934887,0.37057358510908855,0.0330672944731954,0.031297104372848016,0.016946262708248786,35.47714285714286,36.16132135160938,55.55845377733489,0.38486675793855973,-0.21088203164619937,0,0.0
2023-01-12,37.14,37.42,38.12,36.91,730120.0,0.007510764921383917,0.03225656174409419,-0.24346274776508636,0.032982594111981234,0.03130794313439581,0.017051160464361823,35.73642857142857,36.3291451713948,56.83259822597048,0.37220529434864547,-0.11783070805903803,0,0.0
2023-01-13,37.48,37.66,37.89,37.08,830174.0,0.006393202383062402,0.021609484332854922,0.12842641317918613,0.026143218965962108,0.03072540172905418,0.017424790585783556,36.052142857142854,36.506592481875494,57.94555751711989,0.36114819708366164,-0.02754365878812262,0,0.0
2023-01-16,37.7,38.0,38.49,37.41,952489.0,0.008987636497379548,0.028460418935599918,0.13744324100397165,0.02616018379087977,0.030530845474851596,0.017422578787957357,36.292142857142856,36.70571348429209,59.537151122569,0.35723495344687156,0.06176507957359527,0,0.0
2023-01-17,38.0,37.85,38.7,37.8,690180.0,-0.003955179842928036,0.023530497410193973,-0.3221261252417662,0.013019751692496194,0.0298385643358426,0.017352697557517574,36.50857142857143,36.858285019719816,58.485514632851384,0.3259196115717954,0.14324498246654413,0,0.0
2023-01-18,38.0,37.14,38.23,37.12,709090.0,-0.01893642395889783,0.029464639790321545,0.027030024691233834,0.012751750855494355,0.02973555782822755,0.017305472446722377,36.675000000000004,36.89584701709051,53.654528886095804,0.24259003889564257,0.2038924921904548,0,0.0
2023-01-19,37.15,37.76,38.36,37.1,937130.0,0.01655578535274005,0.033398280401848,0.27883955544930394,0.013596193070670226,0.02620202475331724,0.015582350633485563,37.00785714285714,37.01106741481178,56.99511916608257,0.21535180903968043,0.25773044445037496,0,0.0
2023-01-20,37.76,37.21,38.0,36.9,1000400.0,-0.014672798918768493,0.029374608679904046,0.06533318572695279,0.012967429155804172,0.0243309051807377,0.015538108740640549,37.277142857142856,37.03759175950354,53.32324202379376,0.1495409222109506,0.29511567500311264,0,0.0
2023-01-30,36.99,38.8,39.57,36.99,1888359.0,0.04184270427069636,0.06742364955297031,0.6353082779311681,0.016882680526472228,0.02545077625861909,0.014444314353598343,37.46642857142857,37.27257952490307,61.121223261152515,0.19923232326220652,0.3449237558186643,0,0.0
2023-01-31,38.61,39.18,39.36,38.35,1358046.0,0.009746165887166924,0.02599554437078755,-0.3296612960465293,0.016946262708248734,0.02518696860000368,0.00925589795212885,37.61714285714286,37.526902254915996,62.72403159842248,0.24103995136656375,0.4051837436603052,0,0.0
2023-02-01,39.17,39.13,39.28,38.42,974810.0,-0.0012769762940734175,0.02213732614585462,-0.33155960067510293,0.017051160464361767,0.025021023886235762,0.00928916901849502,37.776428571428575,37.7406486209272,62.35974397593617,0.24772358412468287,0.46711463969147593,0,0.0
2023-02-02,39.2,38.87,39.42,38.6,1065157.0,-0.006666691358189425,0.021021025253789016,0.08863490490595893,0.0174247905857835,0.025018624291251335,0.009517528498479743,37.86357142857143,37.891228804803575,60.39546658380202,0.21807548843203595,0.521633511799485,0,0.0
2023-02-03,38.87,38.9,39.35,38.35,1016886.0,0.0007715057602686315,0.025741447050147137,-0.04637718974872662,0.0174225787879573,0.024753328712622584,0.01706385919198593,38.00928571428572,38.02573163082977,60.54987801035834,0.18521965573320998,0.5679384257327875,0,0.0
2023-02-06,38.91,39.16,39.43,38.61,970267.0,0.006661567037909322,0.02101563761339076,-0.046929004017304266,0.01735269755751752,0.02382051266978602,0.018742704020322545,38.15857142857143,38.1769674133858,61.93502806854205,0.16633154228142355,0.6095213113031435,0,0.0
2023-02-07,40.65,39.05,40.66,38.14,1084746.0,-0.002812941376614919,0.0639812080279274,0.11152984583313597,0.017305472446722318,0.023179806917980585,0.018690876004078257,38.295,38.293371758267696,60.959822464754744,0.13319663192944853,0.6428204692855056,0,0.0
2023-02-08,39.11,39.04,39.46,38.95,665105.0,-0.000256114740802893,0.013008728277712045,-0.48915621425743083,0.0155823506334855,0.02318547222452687,0.0187737340001108,38.410714285714285,38.39292219049867,60.86599573516486,0.09894727635494671,0.6675572883742423,0,0.0
2023-02-09,38.96,39.67,39.99,38.8,990950.0,0.016008472981346777,0.030209176229499146,0.39871915604172337,0.015538108740640485,0.02255806398136481,0.01884056291902648,38.55428571428571,38.563199231765516,64.56620114448577,0.10641259990446605,0.694160438350359,0,0.0
2023-02-10,39.81,40.44,40.8,39.59,923340.0,0.019224159626031856,0.030105520292076804,-0.0706665482665425,0.01444431435359828,0.02258449500523016,0.021696828013718764,38.728571428571435,38.81343933419679,68.48797636658477,0.1483244686791918,0.731241555520157,0,0.0
2023-02-13,40.44,40.12,40.55,39.44,985956.0,-0.007944431058535706,0.027755250826987155,0.06561419815665737,0.009255897952128738,0.02234658501546506,0.020960521268424407,38.89071428571429,38.98764742297055,65.25556607578525,0.13973036021502572,0.7661741455739135,0,0.0
2023-02-14,40.49,40.53,40.8,39.85,825210.0,0.010167477546482395,0.023559676173892097,-0.17797382946244333,0.009289169018494905,0.021367706013594633,0.02137674737621854,39.13285714285714,39.193294433241135,67.37986882635224,0.1461990218791127,0.8027239010436917,0,0.0
2023-02-15,40.58,41.03,41.8,40.49,1149092.0,0.012261065813877536,0.03184130948664077,0.33108944487108793,0.009517528498479637,0.02140616060644634,0.021398430051453903,39.36642857142857,39.438188508808985,69.80449246971754,0.16718001071153576,0.8445189037215757,0,0.0
2023-02-16,41.36,39.4,41.36,39.02,1177750.0,-0.04053769015020681,0.0582398950052081,0.024633773311034446,0.017063859191985865,0.02298281007768053,0.021340963213372803,39.52285714285714,39.43309670763445,55.3585568233964,0.05984452596547596,0.8594800352129447,0,0.0
2023-02-17,39.4,38.5,39.92,38.39,983984.0,-0.02310757501014926,0.03908044243055686,-0.17975148082269676,0.018742704020322482,0.021225270740190934,0.017339822792456435,39.50142857142857,39.30868381328319,49.29279523324171,-0.07584003823560415,0.8405200256540437,0,0.0
2023-02-20,38.51,38.71,38.8,37.61,667473.0,0.005439723295817878,0.03115027414698268,-0.3881106967393535,0.01869087600407819,0.021202958856489085,0.016243689384902574,39.46785714285714,39.22885930484543,50.65153319679957,-0.1511699855370181,0.8027275292697893,0,0.0
2023-02-21,38.86,38.9,40.08,38.51,710574.0,0.004896286034843822,0.03995950894979172,0.0625741541012399,0.018773734000110738,0.016107305514965784,0.016215965050489705,39.451428571428565,39.185011397532705,51.90717373585002,-0.18565371421534116,0.7563141007159542,0,0.0
2023-02-22,39.1,39.08,39.59,38.58,520908.0,0.004616576550181328,0.025842553640456067,-0.31049965145195735,0.01884056291902642,0.015536274140410618,0.019142336387731634,39.46642857142857,39.17100987786168,53.124047034935046,-0.19294316461409255,0.7080783095624311,0,0.0
2023-02-23,39.08,40.54,41.0,38.72,1559791.0,0.036678313849272115,0.05721580429593187,1.0967336742418592,0.02169682801371871,0.01673524872202796,0.01929551107174709,39.583571428571425,39.35354189414679,61.60916131226448,-0.10067927700561652,0.6829084903110271,0,0.0
2023-02-24,40.54,40.28,40.72,39.75,876306.0,-0.006434073173492205,0.0241095311419266,-0.576591771900663,0.020960521268424348,0.016506591799010265,0.019107983053942835,39.66357142857142,39.47706964159388,59.542175664110204,-0.06039082457891021,0.6678107841662995,0,0.0
2023-02-27,40.2,39.67,40.28,39.2,1099970.0,-0.015259833324122951,0.02717832105394491,0.22732284067870268,0.021376747376218478,0.0162489071405715,0.02248779730807413,39.70785714285715,39.50279368938136,54.88930415015849,-0.07699009467351081,0.6485632604979218,0,0.0
2023-02-28,39.51,40.09,40.34,39.26,790439.0,0.01053169212817684,0.02713734367775089,-0.3304496983656424,0.021398430051453844,0.01630621042291297,0.022234646473096666,39.78285714285715,39.58108786413052,57.35999144628563,-0.06246765624734296,0.632946346436086,0,0.0
2023-03-01,40.16,40.55,40.7,39.56,890710.0,0.0114088539070063,0.028409585694038064,0.11943041017789291,0.02134096321337274,0.016384122254274013,0.022297460446222047,39.84571428571429,39.71027614891312,59.947384243157316,-0.02650494109033208,0.6263201111635032,0,0.0
2023-03-02,40.34,39.91,40.8,39.7,408692.0,-0.015908861500779636,0.027330893716971172,-0.7790570813807278,0.01733982279245636,0.01671287888498299,0.022424049262470578,39.80785714285714,39.736905995724705,54.95129867493357,-0.04912812087698781,0.6140380809442563,0,0.0
2023-03-03,40.02,39.31,40.65,39.11,531010.0,-0.015147979626873198,0.0386206472263968,0.26181903733752065,0.016243689384902497,0.01698470368855525,0.022491403818381887,39.75,39.67998519629475,50.686415228126464,-0.104621180671718,0.5878827857763268,0,0.0
2023-03-06,39.26,39.29,39.75,39.1,405181.0,-0.0005089058634006882,0.01648737410902079,-0.27044697260566863,0.01621596505048963,0.016927377912029758,0.025110090927207198,39.66142857142857,39.62798717012212,50.54559147391923,-0.14055470872005793,0.5527441085963124,0,0.0
2023-03-07,39.4,38.08,39.4,37.89,724573.0,-0.03128082364720397,0.03907859127337865,0.581248634978456,0.01914233638773156,0.01791581855095188,0.025354503944807292,39.45071428571429,39.421588880772504,42.79828456328434,-0.23796767361376214,0.4932521901928719,0,0.0
2023-03-08,38.16,38.38,38.6,37.85,518900.0,0.007847280656389621,0.019621296587327475,-0.33387132945541964,0.01929551107174702,0.017593672504326217,0.025479534288775318,39.377857142857145,39.28271036333617,45.04722361094012,-0.2719011610517745,0.4252768999299283,0,0.0
2023-03-09,38.5,39.78,39.99,38.3,920465.0,0.03582778284627208,0.043179526672126656,0.5731677907628647,0.019107983053942765,0.018505863382845822,0.025537443737386516,39.46928571428572,39.349015648224686,54.11378021337887,-0.19344894439303906,0.3769146638316686,0,0.0
2023-03-10,39.25,38.25,39.75,38.1,557824.0,-0.03922071315328113,0.04239555896768543,-0.5008354766945136,0.022487797308074067,0.019756897475860527,0.02288289755356014,39.43642857142857,39.2024802284614,45.314655059789175,-0.23521298622354625,0.31811141727578207,0,0.0
2023-03-13,38.25,38.23,38.6,37.83,470580.0,-0.0005230125642237127,0.02014983782584734,-0.17007752398941456,0.0222346464730966,0.018182224224659947,0.01930656451076424,39.38857142857143,39.07281619799988,45.211164541157395,-0.253236139475628,0.2548023824068751,0,0.0
2023-03-14,38.47,37.4,38.7,37.07,890540.0,-0.02194984328783489,0.043031582873095164,0.6378620438533407,0.022297460446221978,0.0184850846363141,0.019600510716046956,39.26857142857143,38.84977403826656,41.023889410231945,-0.3065492915349092,0.1781650595231478,0,0.0
2023-03-15,37.67,37.88,38.55,37.45,595110.0,0.012752563897391322,0.02894939004610997,-0.4030817578978443,0.022424049262470512,0.01866877912907796,0.017742338097812314,39.07857142857143,38.72047083316435,44.24017800825742,-0.29488694019380735,0.10444332447469595,0,0.0
2023-03-16,37.97,37.23,38.05,37.06,509820.0,-0.017308380433252335,0.02636286345048111,-0.15468854016462075,0.022491403818381824,0.018878471161065776,0.017552956595407596,38.86071428571428,38.521741388742434,40.98092939597091,-0.31455241496221487,0.02580522073414225,0,0.0
2023-03-17,37.5,38.38,38.56,37.1,656880.0,0.030421602694928662,0.03859850012895549,0.25344363115702784,0.025110090927207143,0.019753906715298346,0.01844916035469789,38.76857142857143,38.50284253691011,48.2456167435973,-0.23723394407929854,-0.033503265285682385,0,0.0
2023-03-20,38.3,37.85,38.88,36.92,925084.0,-0.013905510696096357,0.05172656995758684,0.34238319079964974,0.025354503944807236,0.019855271364651754,0.02175032242294193,38.60857142857143,38.41579686532209,45.46787459882241,-0.2098539480273974,-0.08596675229253173,0,0.0
2023-03-21,37.85,39.04,39.58,37.54,596855.0,0.030955781661434312,0.052916909016056835,-0.4382103413799925,0.025479534288775273,0.02069620777641153,0.021682489350727002,38.50071428571429,38.499023949945816,52.131891737624066,-0.10496504380387506,-0.11220801324350049,0,0.0
2023-03-22,39.25,38.8,39.58,38.66,463580.0,-0.006166514915664223,0.023518466394234494,-0.25269523292366003,0.025537443737386468,0.020726754691442143,0.023545177022081663,38.42142857142857,38.53915408995304,50.78398627916799,-0.04801352990773103,-0.12421139572043324,0,0.0
2023-03-23,38.5,39.25,39.45,38.28,619392.0,0.011531197599189635,0.030106480707130068,0.2897593818342674,0.022882897553560086,0.02062183387596115,0.024042748800028605,38.417142857142856,38.63393354462597,53.22599099186813,0.020049884547424388,-0.11919892458357716,0,0.0
2023-03-24,39.64,38.73,39.64,38.28,701590.0,-0.013336950701756667,0.034911142877033896,0.12461083608990897,0.019306564510764183,0.020411627102617416,0.023759913885670874,38.37714285714286,38.64674240534251,50.13058010076702,0.02956119469878793,-0.11180862590888019,0,0.0
2023-03-27,38.82,39.21,39.27,37.9,1054369.0,0.012317322777579687,0.03550975650153765,0.4073485748883492,0.019600510716046897,0.02052389642740698,0.025287565078564323,38.457857142857144,38.72184341796351,52.85606011425583,0.06562486949579949,-0.09540240853493032,0,0.0
2023-03-28,39.14,39.15,39.87,38.7,789636.0,-0.001531393867428399,0.029784561357527384,-0.2891256829239328,0.017742338097812258,0.02041989473766639,0.02480393636629014,38.51285714285715,38.778930962235044,52.470035727659265,0.08182942380899476,-0.07494505258268162,0,0.0
2023-03-29,39.15,39.45,40.01,38.68,622079.0,0.007633624855071464,0.033806752284049946,-0.2385049854646848,0.017552956595407537,0.020332349564380455,0.037594865774179316,38.489285714285714,38.86840683393704,54.2684532766496,0.10752504978928869,-0.048063790135359455,0,0.0
2023-03-30,39.27,38.54,39.44,38.2,852442.0,-0.02333738430566301,0.03194501412190531,0.31503807733211886,0.01844916035469783,0.019409583489147886,0.03756466648187139,38.51,38.82461925607876,48.29861529513416,0.0603580438860779,-0.032974279163839985,0,0.0
2023-03-31,38.54,40.42,40.78,38.53,1799123.0,0.047628048989254435,0.05675460650824293,0.7469494312781624,0.021750322422941885,0.02084175553400291,0.037002281139746185,38.666428571428575,39.03733668860159,58.46432143082517,0.1479084381513659,0.004002830374001495,0,0.0
2023-04-03,40.42,39.89,40.94,39.26,1237590.0,-0.013199046058159691,0.04190139138482829,-0.3741333838596468,0.021682489350726957,0.02100123210654667,0.038623667734963604,38.84428571428571,39.151025130121376,55.170893977929694,0.16116986954503779,0.04429529776026094,0,0.0
2023-04-04,39.79,38.39,39.84,37.71,1611440.0,-0.03832865690460885,0.05494612144613198,0.26396224909909627,0.023545177022081615,0.022174747153506934,0.03782510966572898,38.88071428571429,39.04955511277186,47.08640148510583,0.06490275944289856,0.06052098762098559,0,0.0
2023-04-06,38.21,38.97,39.18,37.37,989310.0,0.014995110337911566,0.04729816901900197,-0.48787573773479664,0.024042748800028563,0.022336721133660663,0.034237183949710245,39.004999999999995,39.03894776440228,50.129446303871326,0.03762457666054268,0.06992713178612127,0,0.0
2023-04-07,38.99,38.78,39.39,38.25,1128270.0,-0.004887469536112299,0.029368416710269685,0.13143303468231693,0.023759913885670825,0.021239302870122448,0.03655027936646627,39.03357142857143,39.004421395815314,49.13261600491876,0.005791929240628352,0.07137511409627836,0,0.0
2023-04-10,38.76,37.62,38.76,37.43,1058495.0,-0.03036882594162149,0.03491626510622803,-0.06383739821949064,0.025287565078564278,0.021871948677355167,0.03735209693770543,39.01714285714286,38.81983187637327,43.451632923016355,-0.08914298328221085,0.04908936827572566,0,0.0
2023-04-11,37.86,37.2,37.86,36.35,1266700.0,-0.011227062593782922,0.040700941801648405,0.17956700559138739,0.024803936366290087,0.021801686162230643,0.03584654957218116,38.885714285714286,38.60385429285684,41.577138352118176,-0.17122428197484024,0.006283297782015598,0,0.0
2023-04-12,37.08,40.45,41.58,37.08,3594275.0,0.0837578822253997,0.11454154173221243,1.0429272083429364,0.03759486577417929,0.026796585452372863,0.03866480262266904,39.003571428571426,38.85000705380926,57.026160515049796,-0.006345266239637105,0.004696981222106323,0,0.0
2023-04-13,40.04,40.6,41.08,39.44,1521036.0,0.003701423103186219,0.04074085532592253,-0.8599506202142742,0.03756466648187136,0.026723233262731245,0.02844591982731694,39.1,39.08333944663469,57.58365933247116,0.10686016401860238,0.031412022226756924,0,0.0
2023-04-14,40.7,41.69,42.8,40.28,2379250.0,0.026493225285018518,0.06068303473738945,0.4473936303342043,0.037002281139746164,0.026970730706680573,0.02874364121651575,39.31142857142857,39.430894187083396,61.49296635647919,0.2414882243255675,0.09178407830814882,0,0.0
2023-04-17,42.9,44.26,45.8,42.59,5299788.0,0.05982004273019781,0.072664607185017,0.8008815077877394,0.03862366773496358,0.028791010550935105,0.028653164434023205,39.67214285714285,40.074774962138946,68.79552114441744,0.4763858906770133,0.21088055097740213,0,0.0
2023-04-18,44.79,44.71,45.04,42.8,3310602.0,0.01011585562298567,0.05101288124368386,-0.4705367737942101,0.03782510966572896,0.02879957310606562,0.019579753831144953,40.06928571428572,40.692804967187094,69.87287057525793,0.6254376526306641,0.3672399641350682,0,0.0
2023-04-19,44.07,44.5,44.77,43.27,2174820.0,-0.004708001073694401,0.03407871801608087,-0.42018414346857114,0.034237183949710225,0.028066581193798283,0.01784065835410644,40.43,41.200430971562156,68.68116554176004,0.6693241681183154,0.534571006164647,0,0.0
2023-04-20,44.0,43.37,45.38,42.6,2128881.0,-0.02572123132491999,0.06321722607637081,-0.02134941293238768,0.03655027936646625,0.0286208037084573,0.01802218449682582,40.775,41.48970684202053,62.50370756724512,0.5847567649678354,0.680760197406606,0,0.0
2023-04-21,43.33,42.62,43.53,42.05,1183035.0,-0.01744433117680355,0.03459096914524906,-0.5875133192054705,0.03735209693770541,0.028232740256191047,0.023531305674731367,40.932142857142864,41.64041259641779,58.7281102197347,0.44702803049428885,0.7925172050301783,0,0.0
2023-04-24,42.38,41.97,43.78,41.97,1839450.0,-0.01536854932497178,0.04222201474921761,0.4413834435365924,0.035846549572181134,0.027345080568027983,0.02343801235039465,41.080714285714286,41.68435758356209,55.593792818697416,0.28856167037641955,0.8646576226242833,0,0.0
2023-04-25,42.2,40.38,42.78,40.0,1637624.0,-0.03862046446080791,0.0671912495403233,-0.11622020304290537,0.03866480262266901,0.02838373817998071,0.023550989095357105,41.22285714285714,41.510443239087145,48.74110746326566,0.06475814230447174,0.8808471582004013,0,0.0
2023-04-26,40.03,39.82,41.78,39.31,1213544.0,-0.013965314248641114,0.06093881669465073,-0.2997014065682517,0.028445919827316896,0.028189901644930293,0.02112112709615258,41.28357142857143,41.28505080720886,46.56409344616142,-0.12268070926382246,0.8501769808844457,0,0.0
2023-04-27,40.13,39.17,40.26,39.01,1117964.0,-0.01645815095831038,0.031540396693080286,-0.08203583042616813,0.028743641216515705,0.028313116729901732,0.022112331190009667,41.311428571428564,41.00304403291435,44.10184106866504,-0.2829650073646838,0.7794357290432748,0,0.0
2023-04-28,39.97,40.19,41.27,39.63,1292430.0,0.025707060783369595,0.04054943656214682,0.14501499346978441,0.02865316443402316,0.02843680656707317,0.02384029096712843,41.495000000000005,40.894638161859106,48.68725125687879,-0.3106065565943623,0.7017840898946843,0,0.0
2023-05-04,40.08,38.8,40.19,38.5,1111169.0,-0.03519796183188184,0.04295996716737083,-0.1511115530257996,0.019579753831144873,0.028741099412638225,0.02239600596020041,41.60928571428571,40.615353073611224,43.455740161215445,-0.40675381949139133,0.6000956350218365,0,0.0
2023-05-05,38.84,38.03,38.94,37.88,862600.0,-0.020044924689059496,0.027598731626175876,-0.2532168090690625,0.017840658354106344,0.028867776505940825,0.018757756671808484,41.43642857142857,40.27063933046306,40.837940909445464,-0.5003049123426018,0.4750194069361861,0,0.0
2023-05-08,37.95,37.94,38.81,37.88,732360.0,-0.0023693574333001344,0.02425467706293727,-0.16367888786933804,0.018022184496825727,0.02827694448244109,0.01699900547319437,41.24642857142857,39.959887419734656,40.53060820597277,-0.5427883657396325,0.339322315501278,0,0.0
2023-05-09,38.07,39.26,39.39,37.5,1880243.0,0.03420022434144698,0.04917104400644945,0.942884106445991,0.023531305674731304,0.028972168558375876,0.016707827759121285,41.07285714285714,39.86656909710337,46.848557038088124,-0.4598165287804935,0.22436818330615468,0,0.0
2023-05-10,39.18,39.1,39.37,37.58,1933440.0,-0.004083721856995126,0.04653211097032672,0.027899775967856755,0.023438012350394586,0.02890535078929721,0.014782922946517058,40.70428571428572,39.764359884156256,46.20774870318248,-0.39596339466655217,0.12537733463951664,0,0.0
2023-05-11,39.07,38.39,39.19,38.12,1346690.0,-0.018325457978613624,0.027682533425538836,-0.3616510698885982,0.023550989095357047,0.028998159918162156,0.015873931395386134,40.25285714285714,39.58111189960209,43.37263310779412,-0.38163801433582895,0.029967831055559405,0,0.0
2023-05-12,38.3,38.1,38.58,38.0,574810.0,-0.007582726880051016,0.015147847751197485,-0.8513654574605152,0.021121127096152516,0.028927250066496386,0.014279931258098023,39.79571428571428,39.38363031298848,42.23282836118835,-0.3714333816373666,-0.06289051435378225,0,0.0
2023-05-15,37.9,38.78,38.78,37.9,399161.0,0.017690367681850283,0.02295353772612474,-0.3646747071351175,0.022112331190009608,0.02912628642896867,0.013808804800450849,39.46785714285714,39.303146271256686,45.82773227614215,-0.30159679171792947,-0.13828971228326464,0,0.0
2023-05-16,38.5,40.0,40.5,38.5,1117741.0,0.03097480429943067,0.05064373281875456,1.0297001189176953,0.023840290967128384,0.029652968892283367,0.013345102366473708,39.28071428571429,39.3960601017558,51.64218033534878,-0.1628960571618301,-0.17901372657372217,0,0.0
2023-05-17,39.66,40.16,40.28,39.1,617016.0,0.00399202126953746,0.029732600859041725,-0.5941700076938687,0.022396005960200357,0.029314489037129684,0.010492155463708746,39.151428571428575,39.49791875485503,52.36429949917842,-0.05557898314713672,-0.19290847236050634,0,0.0
2023-05-18,40.16,40.11,40.87,39.73,403250.0,-0.0012457956015121674,0.028289727749678306,-0.42533823849252883,0.01875775667180843,0.027983058945125226,0.012201449810014286,39.13214285714286,39.579529587541025,52.102460041084555,0.013166648433183797,-0.18961681025221042,0,0.0
2023-05-19,39.76,40.62,41.1,39.76,490254.0,0.012634876370277048,0.033146739713815876,0.19536690714035032,0.016999005473194318,0.027968538171256423,0.012294902765578942,39.18928571428571,39.718258975868885,54.596339826408425,0.08984056982722508,-0.16715666779540414,0,0.0
2023-05-22,40.63,40.89,41.66,40.12,551614.0,0.0066249782243121835,0.037666472739091184,0.11792490216205209,0.01670782775912123,0.02699810306176496,0.012056489901384006,39.31214285714286,39.8744911124197,55.905301572698406,0.1519434118751242,-0.1291708148266231,0,0.0
2023-05-23,41.21,40.4,41.21,40.3,339190.0,-0.012055749409446204,0.02232947639808902,-0.48628810395662647,0.014782922946516987,0.02700440505690041,0.01185779526405595,39.32714285714285,39.94455896409707,52.92335110434337,0.15281011580526693,-0.09096828587530637,0,0.0
2023-05-24,40.21,41.36,42.02,39.88,704506.0,0.023484445233068918,0.05227075032321693,0.7309364256298689,0.015873931395386072,0.02727922960527591,0.01232418554698195,39.51,40.13328443555079,57.685436039808735,0.20743708802355104,-0.039109013869418605,0,0.0
2023-05-25,41.2,41.08,41.86,40.33,536709.0,-0.0067928451398162615,0.03723510813257658,-0.2720407997940075,0.014279931258097957,0.02664236298640657,0.00932661982926854,39.72785714285715,40.25951317747735,55.9090189207187,0.2132896245271676,0.014213392262373288,0,0.0
2023-05-26,40.97,40.97,41.3,40.48,421140.0,-0.002681293501577642,0.020054474987776683,-0.24249072821657158,0.013808804800450783,0.026531198790284257,0.011504381222211936,39.944285714285705,40.3542447538137,55.18997028370804,0.19862736265895098,0.06387023292711103,0,0.0
2023-05-29,40.8,41.34,41.52,40.49,556280.0,0.008990462694842716,0.025120208813563583,0.27830644464002496,0.013345102366473639,0.02179330595576844,0.011495054418313009,40.09285714285714,40.485678786638545,57.184634400942684,0.20205520929912169,0.11438403525189145,0,0.0
2023-05-30,41.0,41.83,42.0,40.7,530010.0,0.011783231200484856,0.03144152583481885,-0.04837589031771117,0.010492155463708651,0.021881135041500237,0.013521966240317736,40.28785714285715,40.66492161508674,59.74052184072106,0.22383948706814463,0.17034390701892763,0,0.0
2023-05-31,41.84,41.2,42.4,41.05,574000.0,-0.015175529098626406,0.03235752633947531,0.07973352202686712,0.0122014498100142,0.021526388382195137,0.013856390615767416,40.488571428571426,40.73626539974184,55.179627763980506,0.18400129346322613,0.21634423038473416,0,0.0
2023-06-01,41.2,41.06,42.37,40.7,948324.0,-0.0034038447646933534,0.04021247218991819,0.502066819696557,0.012294902765578857,0.018277789364321898,0.016353514526736775,40.7,40.77943001310959,54.189551384486116,0.13847899166824545,0.25096397830179556,0,0.0
2023-06-02,40.99,40.76,41.66,40.5,385016.0,-0.007333203236263408,0.02823946172033276,-0.9014113241503079,0.012056489901383914,0.018139541876401814,0.019754133246229245,40.84142857142857,40.77683934469498,52.03496885285523,0.08125390741708577,0.271277455156067,0,0.0
2023-06-05,40.96,40.79,41.0,40.01,530550.0,0.0007357449749432199,0.024442643835164368,0.320629312453784,0.011857795264055856,0.018149952928920524,0.01964436524527634,40.89785714285714,40.77859409873565,52.23947264970828,0.04056821428823132,0.2814195087281248,0,0.0
2023-06-06,40.51,40.15,41.14,39.91,379487.0,-0.015814512936696445,0.030353965164168883,-0.3350938636701244,0.012324185546981857,0.01780734259343304,0.021174373229073975,40.89714285714285,40.694781552237565,47.578947282742426,-0.030468395566990658,0.27380240983637716,0,0.0
2023-06-07,40.1,40.35,40.51,39.72,249470.0,0.004968954323187003,0.01969401803762727,-0.4194816731683293,0.009326619829268414,0.017631139180670323,0.020604156830967422,40.91428571428571,40.64881067860589,49.10696758894336,-0.0631282343168259,0.2580203512571707,0,0.0
2023-06-08,39.95,39.4,40.21,39.3,433556.0,-0.02382557841206978,0.02289120203396733,0.5526823014804929,0.011504381222211828,0.0179203974426213,0.021751975779783175,40.82714285714285,40.4823025881251,42.73484894127271,-0.1432686050790932,0.22220319998739743,0,0.0
2023-06-09,39.61,39.26,39.97,38.9,465956.0,-0.0035596274555729224,0.027134922098831726,0.07207024010524421,0.011495054418312903,0.016547665577006394,0.020645867698319373,40.71071428571428,40.319328909708425,41.87254726152959,-0.1969489169714164,0.17296597074454337,0,0.0
2023-06-12,39.5,40.1,40.58,38.8,622480.0,0.021170145464208368,0.04485508776844105,0.2896202902417926,0.01352196624031765,0.016834707469552946,0.02097423048590433,40.68928571428571,40.29008505508063,48.577096537352816,-0.1682403689669069,0.13090587850281668,0,0.0
2023-06-13,39.84,40.68,41.66,39.5,763635.0,0.01436023686783594,0.053240763925749945,0.2043784270084803,0.013856390615767331,0.016720938856909166,0.020688993976819316,40.64071428571429,40.34207371440321,52.639111574083934,-0.105606168001743,0.10450433650238095,0,0.0
2023-06-14,40.69,41.89,42.0,40.0,1062380.0,0.029310563778583987,0.04879016416943216,0.3301770269266111,0.01635351452673671,0.01691443016876138,0.023501578555400915,40.698571428571434,40.54846388581612,59.77744244683559,0.015454412701279147,0.10836793967770073,0,0.0
2023-06-15,42.11,43.5,44.35,41.54,1913822.0,0.037713803135694945,0.06545589030762233,0.5885906154893945,0.019754133246229197,0.0167143275941253,0.02315236735265147,40.87928571428572,40.94200203437397,66.92153903865,0.19228116242775117,0.15643823028463855,0,0.0
2023-06-16,43.84,43.25,43.88,42.8,972480.0,-0.005763704716749807,0.024920532819278307,-0.6770080590047325,0.019644365245276293,0.01620712366557225,0.02169363687947011,41.01571428571429,41.24973509645744,64.99121116219202,0.2756524137503821,0.22535133372223407,0,0.0
2023-06-19,43.51,42.43,43.58,42.18,959010.0,-0.01914157416365514,0.03265215446584513,-0.013948007370681026,0.02117437322907393,0.01672565886663134,0.022045183083352113,41.058571428571426,41.40710375026312,58.98167703037848,0.2590727744628023,0.29011952733793467,0,0.0
2023-06-20,42.43,42.03,42.63,41.93,738090.0,-0.009472010197208114,0.01655666959444746,-0.26183573397320714,0.020604156830967373,0.015860185285083275,0.02160844869872828,41.11785714285714,41.49015658356137,56.24933903382385,0.20692792494466605,0.3418515085741012,0,0.0
2023-06-21,42.0,41.3,42.3,41.11,586790.0,-0.01752114905003843,0.0285356851424452,-0.22939876384238111,0.021751975779783123,0.016231290785523433,0.021386581486812325,41.135,41.46480237241986,51.55538441550559,0.11369355018567329,0.37027489612051956,0,0.0
2023-06-26,41.3,40.72,42.06,40.4,723515.0,-0.014143127724719484,0.04026738530744911,0.2094542738645675,0.02064586769831932,0.016069406656851682,0.020852870552879023,41.13214285714286,41.36549538943055,48.11954548488971,0.008906076003393604,0.372501415121368,0,0.0
2023-06-27,40.99,41.46,41.5,40.45,684250.0,0.018009734765366048,0.025626783732151548,-0.055797930485937286,0.020974230485904282,0.01622369296261028,0.02497639740508476,41.18,41.378096004173145,52.47165548571882,-0.013410507036358765,0.3691487883622783,0,0.0
2023-06-28,41.46,41.05,41.58,40.01,495169.0,-0.009938271109196428,0.03848985956072326,-0.32342422947923133,0.02068899397681926,0.01613422388005786,0.024432568649486158,41.244285714285716,41.33434987028339,49.970467552059084,-0.056225809207396615,0.3550923360604292,0,0.0
2023-06-29,41.1,42.67,43.15,41.1,1027480.0,0.03870526130147178,0.04867429602724771,0.7299653630191969,0.02350157855540087,0.01666757320242335,0.024153122020488783,41.410000000000004,41.51243655424561,58.4068976818638,0.020033145027338828,0.360100622317264,0,0.0
2023-06-30,42.78,43.8,43.98,42.2,1158715.0,0.02613772018249172,0.041314764084648736,0.12020243000088726,0.02315236735265143,0.017232617060932244,0.020687061412676108,41.72428571428571,41.81744501367953,63.083217688235706,0.13561160107213766,0.39400352258529836,0,0.0
2023-07-03,43.6,42.68,44.05,42.6,855930.0,-0.02590339094884797,0.03347109910686363,-0.3028783143646496,0.021693636879470055,0.01800739321604188,0.018348365222417614,41.96857142857143,41.93245234518893,56.32394125912603,0.12587711559594572,0.4254728014842848,0,0.0
2023-07-04,42.68,43.18,43.7,42.49,700167.0,0.01164699865310892,0.02807934797482403,-0.20086971907865347,0.022045183083352057,0.01798830096411108,0.01692902311107842,42.18857142857143,42.09879203249707,58.46363456171402,0.14120691987948064,0.46077453145415503,0,0.0
2023-07-05,42.9,42.58,43.13,42.5,442259.0,-0.013992765621328118,0.014714734729380563,-0.4594231947050158,0.021608448698728223,0.018199596193696654,0.0166919756606228,42.324285714285715,42.1629530948308,54.98266819791279,0.10092165240353745,0.4860049445550394,0,0.0
2023-07-06,42.3,42.85,43.57,42.0,336440.0,0.006320985578455396,0.03669922184598251,-0.2734758562190862,0.021386581486812273,0.018041403135751272,0.01647497123880501,42.392857142857146,42.254559348853356,56.24518471239943,0.08318110234225351,0.5068002201406028,0,0.0
2023-07-07,42.68,43.7,44.98,42.46,1338174.0,0.019642457057755802,0.05765549025605976,1.3806414499818889,0.020852870552878974,0.017896416066017277,0.016310477584650283,42.40714285714285,42.447284769006245,60.04424754021796,0.11732579179801661,0.5361316680901069,0,0.0
2023-07-10,43.75,41.95,44.05,41.6,1045454.0,-0.040869669188329016,0.05722518511497077,-0.24685475726242068,0.024976397405084713,0.019474717727811633,0.015662368503002365,42.31428571428571,42.38098013313875,50.35112681973481,0.016007888018231053,0.5401336400946648,0,0.0
2023-07-11,41.68,41.87,42.55,41.51,647325.0,-0.0019088528821633588,0.024745492954435733,-0.47935803303987434,0.02443256864948611,0.01947060523422668,0.011411312461839197,42.27428571428572,42.31284944872025,49.95411802086423,-0.058365079558381106,0.5255423702050696,0,0.0
2023-07-12,41.61,41.82,43.3,41.5,1112830.0,-0.0011948860305643905,0.042459207771791796,0.5418131124943013,0.024153122020488735,0.019410205007128114,0.013233488725891711,42.25928571428572,42.247136188890885,49.690407052781644,-0.10990317354025742,0.49806657682000527,0,0.0
2023-07-13,41.65,42.19,42.34,41.05,556750.0,0.008808532135759606,0.030941429808282184,-0.6925452931306548,0.02068706141267605,0.019357495019945423,0.013466838779132882,42.32285714285714,42.239518030372096,51.721487750991166,-0.11737318872172053,0.46872327963957516,0,0.0
2023-07-14,42.2,41.92,43.08,41.69,710490.0,-0.006420186123460514,0.032797560395481984,0.24383856670527493,0.018348365222417545,0.019181556157940777,0.017348251226645323,42.40857142857142,42.196915626322486,50.13100305945254,-0.13740638291628138,0.43437168391050485,0,0.0
2023-07-17,42.66,42.19,43.88,41.51,1283780.0,0.006420186123460514,0.05552427334208199,0.5916092571629914,0.01692902311107835,0.01919509614683073,0.017373095065599142,42.46071428571429,42.19599354281282,51.729546871554874,-0.1294890457813943,0.4019994224651563,0,0.0
2023-07-18,42.28,42.55,42.67,41.61,647740.0,0.008496628883135848,0.025155574205058873,-0.6840747487374976,0.016691975660622728,0.019178393974601252,0.017328503985381678,42.567857142857136,42.24319440377111,53.85355222297244,-0.09842917552452668,0.3773921285840246,0,0.0
2023-07-19,42.27,42.08,42.64,41.28,822470.0,-0.011107286589928655,0.03241465868428195,0.23882262654194797,0.01647497123880493,0.019314637544402727,0.017134475610632468,42.52571428571429,42.22143514993497,50.71594351978486,-0.10723654454248854,0.3505829924484025,0,0.0
2023-07-20,41.99,41.83,43.0,41.6,725240.0,-0.005958782975347354,0.03309994842634456,-0.12580937325258645,0.016310477584650204,0.01910074406782392,0.01704893304017214,42.385,42.16924379661031,49.07800294085716,-0.12628593012711975,0.31901150991662264,0,0.0
2023-07-21,41.63,40.81,41.83,40.68,811088.0,-0.024686636036392873,0.027877214273747786,0.11187392168603338,0.015662368503002275,0.01966686356667922,0.01753982013193784,42.25142857142857,41.988011290395605,42.97904989321382,-0.19960798296476284,0.2691095141754319,0,0.0
2023-07-24,40.8,41.37,41.65,40.53,457130.0,0.013628831055605861,0.027258927972634517,-0.5734087419066523,0.011411312461839088,0.019262077247764024,0.016481575307628383,42.12214285714286,41.905609785009524,46.881913448505635,-0.2018165732299839,0.21865537086793593,0,0.0
2023-07-25,41.81,42.2,42.36,41.26,600000.0,0.019864240568645997,0.026311013090099866,0.27196184087915753,0.013233488725891621,0.019517665330468583,0.016090285553094566,42.09499999999999,41.94486181367492,52.113536369445555,-0.14164609487584165,0.18324384714897554,0,0.0
2023-07-26,41.35,42.59,43.02,41.35,958564.0,0.009199262893155868,0.03959270236988388,0.4685066760368173,0.013466838779132795,0.0192412490003601,0.014848607438327815,42.076428571428565,42.030880238518264,54.38682965186181,-0.07328879267426741,0.16492164898040867,0,0.0
2023-07-27,42.12,41.15,42.9,41.0,651770.0,-0.03439555681204309,0.04529975922966312,-0.38574459229721114,0.017348251226645246,0.02019726686832677,0.014474760926148281,41.894285714285715,41.913429540049165,45.750635419112065,-0.12000283542978285,0.13492094012296296,0,0.0
2023-07-28,41.0,40.85,41.2,40.62,398940.0,-0.007317105817067127,0.01417770020324216,-0.49088070931333405,0.017373095065599066,0.019482724237111993,0.011045876052679466,41.815714285714286,41.77163893470928,44.17677535461814,-0.16336689310128583,0.09407921684764152,0,0.0
2023-07-31,41.06,41.08,41.36,40.3,506240.0,0.005614563754345436,0.02596276124753638,0.23819983549681645,0.0173285039853816,0.01812672610356374,0.011296141626999625,41.75928571428572,41.67942041008138,45.71851821048809,-0.16816232144481277,0.05203863648643833,0,0.0
2023-08-01,41.3,40.54,41.3,40.35,541670.0,-0.01323224403650336,0.023271105251029045,0.0676460947837132,0.017134475610632385,0.018232484028658676,0.01307340258353902,41.667857142857144,41.52749768873719,42.73434078459573,-0.19728862103953737,0.0027164812265539906,0,0.0
2023-08-02,40.54,40.55,41.2,40.29,455370.0,0.00024663953756798307,0.022334957152224888,-0.17354668461607048,0.01704893304017206,0.01795113088862456,0.013663609062551008,41.550714285714285,41.397164663572234,42.80878872937624,-0.20458881483907937,-0.04843072248321585,0,0.0
2023-08-03,40.35,40.95,41.08,40.03,680700.0,0.009816029737656606,0.025892212055874886,0.4020114051470287,0.017539820131937764,0.018001494057092806,0.014078511442996183,41.48142857142857,41.33754270842927,45.84175582850599,-0.17247095196418222,-0.0915484604742614,0,0.0
2023-08-04,41.0,40.3,41.12,40.1,548920.0,-0.01600034134644135,0.025118286834385994,-0.21516896905247407,0.0164815753076283,0.017955061066383782,0.015107305133534704,41.346428571428575,41.1992036806387,41.94866449876461,-0.18394573708630121,-0.13753489474583672,0,0.0
2023-08-07,40.47,39.7,40.53,39.42,565704.0,-0.015000281259492265,0.027769138915643143,0.030118261808308233,0.016090285553094476,0.017977665796144418,0.014835214332530135,41.142857142857146,40.999309856553545,38.68296873836558,-0.21853188951164124,-0.19216786712374703,0,0.0
2023-08-08,40.0,40.15,40.4,39.41,345270.0,0.011271252699625922,0.024810193760192334,-0.4937442535612302,0.014848607438327718,0.01777491294205491,0.014179807981118581,41.004999999999995,40.88606854234641,42.31041466753846,-0.19828411057080433,-0.24173889476644814,0,0.0
2023-08-09,40.2,40.36,40.94,39.52,512305.0,0.005216755092637637,0.035300707353476124,0.3945934311553234,0.01447476092614818,0.017729486775317726,0.01539228844081128,40.9,40.815926070033555,43.976068969322256,-0.15959321750886002,-0.28163719914366314,0,0.0
2023-08-10,40.49,39.76,40.52,39.72,358040.0,-0.014977813697035103,0.019940840203510835,-0.3582754388010958,0.01104587605267934,0.016279047063186197,0.015814516608772228,40.824999999999996,40.67513592736241,40.388032948180445,-0.162699340833504,-0.32231203435203915,0,0.0
2023-08-11,39.9,39.3,40.18,39.28,329831.0,-0.01163686291315802,0.022653875900523257,-0.08206430993318925,0.0112961416269995,0.015438427449563,0.015351440515909929,40.67714285714286,40.49178447038076,37.83902279114756,-0.1825348985262668,-0.3679457589836058,0,0.0
2023-08-14,39.25,40.03,40.19,38.95,480538.0,0.018404654129267062,0.031339436144352195,0.3763259075010019,0.013073402583538915,0.015351669229736237,0.01671076860470467,40.52214285714285,40.43021320766332,43.89104805832477,-0.13545727496722548,-0.4018100777254122,0,0.0
2023-08-15,39.84,39.29,40.08,39.2,300920.0,-0.018659139434114014,0.022200709980192634,-0.46806186087852986,0.013663609062550907,0.015410389956923985,0.015557516503603331,40.28642857142857,40.27818477997488,39.67422924583281,-0.14241088382446693,-0.437412798681529,0,0.0
2023-08-16,39.66,39.6,40.45,38.9,565506.0,0.007859084690066354,0.03907239288010045,0.6308764568874441,0.014078511442996088,0.015396491012737793,0.021357695228997744,40.175714285714285,40.1877601426449,42.18033402825318,-0.11553257251518334,-0.46629594181032485,0,0.0
2023-08-17,40.15,40.33,40.56,39.02,607390.0,0.018266490624842202,0.03870802408796248,0.07145018328124664,0.015107305133534614,0.015779996379745385,0.022118348975091986,40.13857142857143,40.206725456958914,47.69116675295591,-0.041791333665854025,-0.4767437752267884,0,0.0
2023-08-18,40.37,39.8,40.5,39.76,449460.0,-0.013228696594885125,0.018440592324119987,-0.3011242266728651,0.014835214332530045,0.01535956855022175,0.02211151430163213,40.04714285714285,40.15249539603106,44.383647836936674,-0.02285796281961866,-0.4824582659316931,0,0.0
2023-08-21,39.55,39.55,40.4,39.35,401200.0,-0.006301218076728787,0.02633381010369229,-0.11358680610006644,0.014179807981118488,0.013628760487935463,0.021946522338289063,39.97642857142857,40.072162676560254,42.873222240486776,-0.021348576628637372,-0.48779541008885247,0,0.0
2023-08-22,39.77,40.4,40.44,38.86,767750.0,0.0212640907534416,0.03985395020297666,0.6490041032331515,0.015392288440811194,0.014273414751354848,0.023931883079624704,39.965714285714284,40.11587431968556,49.202864516476104,0.03940875694477386,-0.47794322085265906,0,0.0
2023-08-23,40.27,39.9,40.34,39.64,420010.0,-0.012453461071286753,0.017504823064278696,-0.6031856388031507,0.01581451660877214,0.014420759903830172,0.02319395775070619,39.89071428571429,40.08709107706082,45.97582189349933,0.047872889608868596,-0.4659749984504419,0,0.0
2023-08-24,39.9,40.3,40.88,38.9,669770.0,0.00997514505681929,0.04964669527104881,0.46665584934984494,0.015351440515909842,0.01445124304954069,0.023371933734184523,39.89071428571428,40.115478933452714,48.86520735812041,0.08044373864686943,-0.4458640637887245,0,0.0
2023-08-25,40.09,39.4,40.85,39.4,417970.0,-0.02258565264874912,0.036141005002123805,-0.47152471025341036,0.01671076860470459,0.014933304290912197,0.023272495620043982,39.86928571428571,40.02008174232569,43.259093302262,0.043270482240551744,-0.43504644322858665,0,0.0
2023-08-28,40.8,39.1,41.26,38.93,747360.0,-0.0076433493125680485,0.05812834602074135,0.581137337139582,0.015557516503603241,0.014878341454528468,0.022286639360337968,39.794285714285714,39.89740417668226,41.5479922674445,0.0025236313451505454,-0.43441553539229905,0,0.0
2023-08-29,38.87,41.07,41.19,38.87,1020630.0,0.0491554609771474,0.05797276358385739,0.31162836591790466,0.02135769522899769,0.017532942083449528,0.022275755575323512,39.845000000000006,40.053750286457955,54.32447802944405,0.10653328291072778,-0.4077822146646171,0,0.0
2023-08-30,41.33,42.01,42.24,41.19,1083318.0,0.022629757212823343,0.025172130950017024,0.05960847003765046,0.022118348975091937,0.0179512135162652,0.01616868774871116,40.00571428571429,40.31458358159689,58.936718529897966,0.22984614338307902,-0.3503206788188474,0,0.0
2023-08-31,42.18,41.63,42.3,41.4,779675.0,-0.009086623974406738,0.02150620522096336,-0.328906666522057,0.022111514301632076,0.01799571050059166,0.014741362076935582,40.17214285714285,40.489972437383976,56.45489741617598,0.2740304352289123,-0.2818130700116193,0,0.0
2023-09-01,41.55,41.17,41.98,41.05,694710.0,-0.011111225425070703,0.02240247849404975,-0.11538267388931267,0.021946522338289007,0.01752214964315538,0.014632837026322272,40.253571428571426,40.58064277906612,53.51700913993736,0.26057227574717395,-0.21667000107482587,0,0.0
2023-09-04,41.51,40.05,41.6,39.6,1080130.0,-0.027581162267444892,0.04927104900678314,0.4413421909467221,0.02393188307962465,0.01804806013989333,0.014496937964142672,40.307857142857145,40.50989040852397,47.09132415904914,0.16897688840731015,-0.17442577897299835,0,0.0
2023-09-05,40.0,39.53,40.64,39.35,755910.0,-0.01306879620577428,0.0322568284068141,-0.35691436177094893,0.02319395775070613,0.017728896154905104,0.01247117770695543,40.30285714285714,40.37923835405411,44.42435072546373,0.07111364775560317,-0.15664736703409757,0,0.0
2023-09-06,39.53,40.07,40.29,39.11,600922.0,0.013568047339459266,0.029725110435832924,-0.22945717905502327,0.023371933734184468,0.0178431524768536,0.013057576129339176,40.28428571428571,40.33800657351356,47.73464635002079,0.04193663212150284,-0.14616320900372187,0,0.0
2023-09-07,39.89,39.72,40.35,39.61,463910.0,-0.008773085471081465,0.01850978308213236,-0.2587745745234624,0.023272495620043927,0.01682483514298,0.012808397888852328,40.278571428571425,40.255605697045084,45.82925579667658,0.0004470161621707158,-0.1460514549631792,0,0.0
2023-09-08,39.72,40.16,40.25,39.31,455761.0,0.01101663620650184,0.023631064430803317,-0.017722018588271382,0.022286639360337916,0.016926849852097428,0.012956106041211139,40.32214285714286,40.24285827077241,48.60658336091212,0.0038299906563119546,-0.14509395729910124,0,0.0
2023-09-11,40.2,40.7,41.41,39.68,798425.0,0.013356617065075849,0.04267511514080358,0.5606724878252756,0.02227575557532346,0.017082658695993833,0.013589806680681254,40.34357142857142,40.303810501336095,51.86811038390109,0.041533931465407486,-0.1347104744327494,0,0.0
2023-09-12,40.7,41.19,41.82,40.46,845480.0,0.011967415999439623,0.033060862260888335,0.057263476284362014,0.01616868774871108,0.01704484093365109,0.013242082295964526,40.43571428571429,40.42196910115795,54.67873300056804,0.09548753875093767,-0.11083858974501497,0,0.0
2023-09-13,41.03,40.56,41.46,40.01,608805.0,-0.015413149165061313,0.035599684138489796,-0.3284064940250939,0.014741362076935488,0.017291823393005983,0.012421309970262725,40.45428571428572,40.44037322100356,50.58847794246009,0.08510436603579605,-0.08956249823606596,0,0.0
2023-09-14,40.7,40.34,40.94,39.99,507260.0,-0.005438826756861914,0.023478157374416497,-0.18247432673503994,0.01463283702632218,0.017217600932964813,0.011787155631566,40.52142857142858,40.426990124869754,49.20426932251829,0.06091172119808687,-0.07433456793654426,0,0.0
2023-09-15,40.37,40.5,40.94,39.91,466596.0,0.00395844158642733,0.02548066117250114,-0.08355990575915406,0.014496937964142581,0.016982016222701096,0.01240955863239513,40.621428571428574,40.43672477488712,50.270006999763936,0.053443667303660826,-0.06097365111062906,0,0.0
2023-09-18,40.75,41.24,41.49,40.05,698986.0,0.01810668503626589,0.035323760830408446,0.4041669265235832,0.012471177706955336,0.01703815076042872,0.01242697933699122,40.63357142857143,40.543828138235504,54.97513995360967,0.09374218681475661,-0.0375381044069399,0,0.0
2023-09-19,41.0,40.55,41.55,40.4,357216.0,-0.016872878587337325,0.028067736334352666,-0.6712900725886097,0.013057576129339086,0.017242004624298125,0.013429762442269833,40.52928571428571,40.544651053137436,50.20528680401563,0.07039443749609285,-0.019939495032916688,0,0.0
2023-09-20,40.56,40.23,40.76,40.08,247092.0,-0.007922794599724892,0.016823751577914603,-0.3685799039183113,0.012808397888852232,0.017280445380480215,0.012630876881969962,40.42928571428571,40.502697579385774,48.120073358573585,0.03183045995784387,-0.011981880043455718,0,0.0
2023-09-21,40.39,39.81,40.39,39.7,420770.0,-0.01049484894947117,0.017231041882176612,0.532325629192373,0.012956106041211042,0.017166427976823682,0.012480701693163307,40.332142857142856,40.41033790213434,45.451766186350646,-0.020703481653266714,-0.017157750456772397,0,0.0
2023-09-22,39.61,40.48,40.49,39.35,554562.0,0.01668988796698434,0.028559055180657378,0.27609224687713585,0.013589806680681162,0.017280562002210047,0.019923396302317396,40.36285714285714,40.419626181849765,50.19617832051346,-0.009631169090768998,-0.019565542729464647,0,0.0
2023-09-25,40.17,40.05,40.64,39.78,405645.0,-0.01067935146484178,0.021388529844400317,-0.31270022011511855,0.013242082295964425,0.017084373382291615,0.018336440793582456,40.4,40.37034269093647,47.34976552165251,-0.029449596407717403,-0.026927941831394,0,0.0
2023-09-26,40.08,40.09,40.45,39.66,219868.0,0.0009982531400472006,0.01972352041285097,-0.6124510265880723,0.012421309970262613,0.01671639356324352,0.018338419091785928,40.401428571428575,40.332963665478275,47.647167350051575,-0.037529402738103027,-0.03631029251591976,0,0.0
2023-09-27,40.77,40.31,40.77,39.8,277321.0,0.0054726504746587246,0.024079604540770294,0.23214831373005396,0.01178715563156589,0.016686664433745488,0.018045051789955954,40.44357142857143,40.32990184341451,49.34204499436194,-0.02625539546246608,-0.04287414138153628,0,0.0
2023-09-28,40.58,40.85,41.1,40.31,666245.0,0.013307244176937516,0.0194085443731149,0.8764817907510807,0.01240955863239503,0.016529359247793612,0.017366257305778586,40.49285714285715,40.399248264292574,53.3354301193053,0.017039698923773862,-0.038614216650592816,0,0.0
2023-10-09,41.5,40.74,42.0,40.23,1153720.0,-0.0026964105073519207,0.04305663232167145,0.5490893125506897,0.012426979336991117,0.01634008288769978,0.016817816697835344,40.49571428571429,40.444681829053565,52.428765266283406,0.0366150715678084,-0.02946044875864072,0,0.0
2023-10-10,40.97,39.67,41.2,39.31,1018060.0,-0.02661517627242116,0.046959316921711736,-0.12509264884225857,0.013429762442269729,0.017049088599594933,0.016266315559749913,40.387142857142855,40.34139091851309,44.50369958868879,-0.0210512016490899,-0.0347232491709132,0,0.0
2023-10-11,39.68,39.59,39.96,39.1,557510.0,-0.0020186734081995006,0.02175648678903297,-0.6021736940767592,0.012630876881969854,0.016575862760709263,0.018516712183677505,40.31785714285714,40.24120546271135,43.968560858583906,-0.060880613614980636,-0.04994340257465836,0,0.0
2023-10-12,39.75,39.52,40.04,39.32,390537.0,-0.0017696882383719803,0.018145659168053996,-0.35595772528182046,0.012480701693163197,0.016428194108348258,0.019035023320938135,40.25928571428572,40.14504473434984,43.47594090997397,-0.08666536704444389,-0.07160974433576933,0,0.0
2023-10-13,39.45,37.56,39.45,37.37,1025593.0,-0.05086721853960485,0.05416580379449076,0.9655035457587875,0.01992339630231732,0.01871053859698987,0.018774318458588568,40.04928571428571,39.8003721031032,32.49708916730542,-0.22271337792475748,-0.1272880888169587,0,0.0
2023-10-16,37.58,37.09,38.57,36.6,1002675.0,-0.012592262838563073,0.05242653181281609,-0.02259955333280672,0.01833644079358237,0.018424569441124687,0.01694384633555916,39.75285714285714,39.43898915602277,30.507596278656706,-0.32514447295507304,-0.208574207055727,0,0.0
2023-10-17,37.45,36.86,37.46,36.5,566403.0,-0.006220439259822186,0.025961436427496487,-0.5711208685616427,0.01833841909178584,0.018411404760761085,0.017430213109380782,39.489285714285714,39.09512393521974,29.554075909311322,-0.38507821979757095,-0.30484376200511976,0,0.0
2023-10-18,36.87,36.52,37.11,36.4,407900.0,-0.009266896514909195,0.01931770042981107,-0.32828379265214025,0.018045051789955868,0.015709080865773717,0.01744330816061635,39.22428571428571,38.75177407719045,28.15324348608715,-0.42137589792480457,-0.4101877364863209,0,0.0
2023-10-19,36.3,36.32,36.72,35.52,1098472.0,-0.005491501993675207,0.03322564762832014,0.9906533558726984,0.017366257305778492,0.014888137731648347,0.01727769810795751,38.975,38.42753753356506,27.33254316121473,-0.431061287980123,-0.5179530584813516,0,0.0
2023-10-20,36.25,35.05,36.63,35.01,724710.0,-0.03559294025249349,0.045233841824149135,-0.41590382736287523,0.016817816697835237,0.015900263995773364,0.017287246677642996,38.58714285714286,37.977199195756384,22.789478093159275,-0.49086131170148084,-0.640668386406722,0,0.0
2023-10-23,34.81,34.34,35.96,34.23,915220.0,-0.02046475801126979,0.04930475706132542,0.23339289870027358,0.0162663155597498,0.016099777234591557,0.014139583437843368,38.17928571428571,37.492239302988864,20.716370270943997,-0.5420807369062981,-0.7761885706332965,0,0.0
2023-10-24,34.84,34.82,35.08,34.33,874700.0,0.013881078870713548,0.021611560034382027,-0.04528350310780027,0.01851671218367741,0.015966512143990193,0.012012827182595436,37.80285714285714,37.135940729257015,25.64115996447684,-0.5080584706953502,-0.9032031883071341,0,0.0
2023-10-25,35.0,34.97,35.43,34.73,525600.0,0.004298616735241456,0.01995505212139781,-0.5093405032554088,0.019035023320938045,0.01596613748275814,0.012070522880591019,37.42142857142857,36.847148632022744,27.1637618969673,-0.44229372816034584,-1.0137766203472205,0,0.0
2023-10-26,34.78,34.72,35.11,33.88,846297.0,-0.007174661283134931,0.03566112039648717,0.4763298946571233,0.018774318458588474,0.01562067158251894,0.01425974488590374,36.98357142857143,36.56352881441971,26.200815714456937,-0.3845999015479167,-1.1099265957341997,0,0.0
2023-10-27,34.6,35.59,35.74,34.52,734172.0,0.02474880972995175,0.034731643516054955,-0.14212702823949463,0.01694384633555907,0.016499224725758956,0.016179006033286907,36.61571428571428,36.43372497249708,34.85554491629843,-0.2626368099537115,-1.1755857982226277,0,0.0
2023-10-30,35.59,35.97,35.98,35.31,859530.0,0.010620558185431062,0.01879701858209204,0.15764239463970675,0.017430213109380692,0.016487229962062172,0.016930997966070012,36.35142857142857,36.37189497616414,38.26126296316896,-0.13745654782212546,-1.209949935178159,0,0.0
2023-10-31,35.97,36.02,36.21,35.69,573020.0,0.001389082040277767,0.014464786275480979,-0.4054651081081655,0.017443308160616264,0.016203319768998165,0.016347430004220037,36.096428571428575,36.32497564600892,38.71526171813611,-0.03756851949891571,-1.2193420650528881,0,0.0
2023-11-01,35.95,35.91,36.28,35.31,823200.0,-0.0030585315098186072,0.02710041530664098,0.3622785644002704,0.017277698107957422,0.015920193331315766,0.016910157167765668,35.83857142857143,36.2696455598744,38.05230488275303,0.031105331207791354,-1.2115657322509403,0,0.0
2023-11-02,35.86,35.7,36.36,35.67,553020.0,-0.005865119452398204,0.01915926993847794,-0.3978050172862133,0.01728724667764291,0.0157909178054541,0.02073171627324112,35.705714285714286,36.193692818557814,36.75820257104554,0.070162081647835,-1.1940252118389818,0,0.0
2023-11-03,35.99,36.52,36.6,35.63,705900.0,0.022709366941174647,0.02686026078957582,0.24407941716780002,0.014139583437843271,0.016536761574717798,0.02302471161013704,35.665000000000006,36.23720044275011,44.67083517183751,0.15418026817881558,-1.155480144794278,0,0.0
2023-11-06,36.52,37.28,37.29,36.33,1381358.0,0.020596934090622465,0.02608134795761874,0.6713487678532033,0.012012827182595333,0.017059891265679212,0.02301567179721764,35.695,36.37624038371676,50.813378298987814,0.25779457178470255,-1.0910315018481025,0,0.0
2023-11-07,37.61,37.29,37.75,36.81,2123285.0,0.00026820437333885394,0.025215928304103574,0.42989734443305494,0.012070522880590911,0.01661246700944167,0.022336294170830193,35.75000000000001,36.498074999221195,50.89063381892987,0.3198088950849032,-1.0110792780768767,0,0.0
2023-11-08,37.14,36.66,37.15,36.41,2060387.0,-0.017038951779170475,0.020120308976426138,-0.030070588470634263,0.014259744885903647,0.016617153527142586,0.022326356203123135,35.77428571428571,36.51966499932504,45.989807115095424,0.310926049347949,-0.9333477657398895,0,0.0
2023-11-09,35.5,35.88,35.98,35.08,1744177.0,-0.02150620522096336,0.025332061018404683,-0.16661101807228285,0.016179006033286824,0.016927873827307465,0.02346220717473921,35.83357142857143,36.434376332748364,40.75659736717098,0.2477905720836595,-0.8714001227189747,0,0.0
2023-11-10,35.65,34.9,36.1,34.82,1392466.0,-0.027693207982213863,0.03610093099879208,-0.22520653515847222,0.016930997966069925,0.017445227575795818,0.023797746654568873,35.87357142857143,36.22979282171525,35.31873891936267,0.14063196487060803,-0.8362421315013229,0,0.0
2023-11-13,35.18,34.82,35.6,34.23,2442420.0,-0.0022948948683385595,0.039243185315890994,0.5619130750677304,0.016347430004219947,0.016992740491803552,0.022246040944372422,35.87357142857143,36.04182044548655,34.90927149211578,0.06861331267776971,-0.8190888033318806,0,0.0
2023-11-14,34.84,35.2,35.28,34.55,1474224.0,0.010854148264008323,0.020908680924911494,-0.5048576014150754,0.01691015716776558,0.01719900828085495,0.022315674942508686,35.89,35.92957771942168,38.55337336847602,0.051594782008152706,-0.8061901078298425,0,0.0
2023-11-15,35.45,36.48,37.15,35.32,3640670.0,0.03571808260207909,0.05051439542800917,0.904035980987846,0.020731716273241056,0.018673007523497962,0.023988322382799715,36.01571428571429,36.00296735683212,48.92587216500476,0.12725970397051523,-0.7743751818372138,0,0.0
2023-11-16,36.7,35.39,36.85,35.32,1911124.0,-0.0303348708487583,0.04240624289958639,-0.6444761799981666,0.02302471161013698,0.01923897849862088,0.02265611876271398,36.00142857142857,35.92123837592117,42.3671947824285,0.10551242437091946,-0.7479970757444839,0,0.0
2023-11-17,35.3,36.2,36.34,35.22,2464436.0,0.022629824474353466,0.03130495989996529,0.2542714274232676,0.023015671797217578,0.019605630116233196,0.022119811868717202,36.017857142857146,35.95840659246502,47.95103514341368,0.14486216944797947,-0.7117815333824891,0,0.0
2023-11-20,36.45,36.67,36.73,35.81,2140320.0,0.012899863251508936,0.02536667582123453,-0.1410076275046208,0.022336294170830127,0.01984745318722592,0.021149248420135425,36.06428571428572,36.053285713469684,50.92232317439952,0.198415391402202,-0.6621776855319386,0,0.0
2023-11-21,36.79,36.59,37.12,36.5,1767875.0,-0.0021840030521191878,0.01684364732955368,-0.19117709020661344,0.02232635620312307,0.0193619378264691,0.023617559158593555,36.112857142857145,36.1248476183404,50.394975893553024,0.22251178519659476,-0.6065497392327899,0,0.0
2023-11-22,36.7,35.56,36.77,35.56,962500.0,-0.028553568385411232,0.03346088466747643,-0.6079994731787242,0.02346220717473915,0.01992783981655643,0.02738228423161769,36.10285714285714,36.04953460256168,44.06739378094734,0.16574810699914333,-0.565112712483004,0,0.0
2023-11-23,35.69,36.39,36.53,35.68,1247110.0,0.023072600978364388,0.023543533095382596,0.2590500873357726,0.023797746654568817,0.020513144242196097,0.026381229948391725,36.09357142857143,36.09492998888679,49.56311113486094,0.1796016292433683,-0.520212305172162,0,0.0
2023-11-24,36.79,35.9,36.79,35.6,1280900.0,-0.013556716129835333,0.032880431258698106,0.026734081339379046,0.022246040944372367,0.01853052602256343,0.025131584141116825,35.995,36.06893932370188,46.649011167495516,0.1523417554319763,-0.48212686631416796,0,0.0
2023-11-27,35.89,36.31,36.5,35.83,1153610.0,0.011355889932011198,0.01852672927158361,-0.10466679982802773,0.022315674942508627,0.018552323952618847,0.02492638043064863,35.925,36.1010807472083,49.33336879941136,0.15783048886146955,-0.4426692440988006,0,0.0
2023-11-28,36.46,37.5,37.51,36.11,2562220.0,0.03224774755012083,0.03803772880442935,0.7979779141747017,0.023988322382799666,0.019465156337586848,0.02491112849658481,35.985,36.28760331424719,56.21883025176786,0.23297573655535075,-0.38442530995996294,0,0.0
2023-11-29,37.49,36.83,37.5,36.7,1393620.0,-0.01802820251939119,0.02156417791584042,-0.6089693918681842,0.022656118762713923,0.019682403765775177,0.02175855791467298,36.05285714285714,36.35992287234757,51.939085706075865,0.228609246332858,-0.32727299837674845,0,0.0
2023-11-30,36.88,35.86,36.88,35.41,1556100.0,-0.026690262279987387,0.040675132564580885,0.11027801270988391,0.022119811868717143,0.02026862123434768,0.021684932880070475,36.121428571428574,36.293266489367895,46.428448408544206,0.154968891954888,-0.28853077538802646,0,0.0
2023-12-01,36.03,35.4,36.03,35.3,1248873.0,-0.012910648037257832,0.02046896082075067,-0.21994114641486107,0.021149248420135363,0.019311998339041795,0.023229423513885926,36.16285714285714,36.17416429078551,44.042034974530864,0.07396317373870792,-0.2700399819533495,0,0.0
2023-12-04,35.4,36.6,36.99,35.34,1776154.0,0.03333642026759165,0.04563213895281226,0.35220880789398024,0.023617559158593503,0.019805982647332295,0.023695319379635687,36.26285714285714,36.23094238534745,51.1028262057611,0.09835618666719773,-0.24545093528655007,0,0.0
2023-12-05,36.2,35.03,36.35,35.0,1508352.0,-0.043843403197925124,0.037846142490114865,-0.16343268842463843,0.02738228423161764,0.021366910558893747,0.022496513136714084,36.159285714285716,36.07081673396779,43.388934564438465,0.010533257899409204,-0.2428176208116978,0,0.0
2023-12-06,35.3,35.45,35.46,35.0,817906.0,0.011918415768741308,0.013057239156648137,-0.6120255275057946,0.026381229948391677,0.021462382339333855,0.017569997477358223,36.16357142857143,35.98804116943875,45.74820147379919,-0.016047482521282908,-0.24682949144201854,0,0.0
2023-12-07,35.42,35.15,35.46,34.96,520600.0,-0.008498634721462839,0.01420074985872688,-0.4517654230136863,0.02513158414111677,0.021479964763615845,0.017595801677570213,36.08857142857143,35.87630234684692,44.327174109182295,-0.048761541898911576,-0.25901987691674644,0,0.0
2023-12-08,35.1,34.9,35.43,34.73,811050.0,-0.007137789048292209,0.01995505212139781,0.44334771193565814,0.024926380430648574,0.021018051253980964,0.018085350173184047,35.96214285714286,35.746128700600664,43.125017259416126,-0.08030290111829519,-0.27909560219632024,0,0.0
2023-12-11,35.05,35.29,35.33,34.53,951591.0,0.011112808478797032,0.02290394996915257,0.15980561613259603,0.024911128496584754,0.02102734552652624,0.018233340333078156,35.869285714285716,35.68531154052058,45.603420472673385,-0.06842945302901243,-0.29620296545357333,0,0.0
2023-12-12,35.28,35.3,35.57,35.18,460311.0,0.00028332625207250217,0.011024846650951936,-0.726232972632884,0.021758557914672915,0.021024642003211993,0.018855375874977976,35.85071428571429,35.63393666845117,45.66879673466241,-0.0540616182574189,-0.30971837001792807,0,0.0
2023-12-13,35.34,35.56,36.13,35.08,1073720.0,0.007338446706453006,0.02949237765556667,0.846982185447823,0.02168493288007041,0.021069606973374774,0.01906611158158644,35.79142857142857,35.62407844599102,47.43760859083223,-0.02280590256014353,-0.31541984565796394,0,0.0
2023-12-14,35.6,36.86,37.45,35.6,2356123.0,0.035905541595973034,0.0506610721052434,0.7858882170958044,0.02322942351388587,0.02204841463802451,0.01906762627483185,35.86,35.78886798652555,55.277546545111484,0.08381868309972484,-0.2944651748830328,0,0.0
2023-12-15,37.09,36.19,37.14,35.7,1932300.0,-0.018344114666025924,0.039543867138966515,-0.19830646831850807,0.02369531937963563,0.021932476654634925,0.015319078989424147,35.85142857142857,35.84235225498881,51.051249487024855,0.10618174189106899,-0.2679197394102656,0,0.0
2023-12-18,35.83,35.24,36.0,35.18,961073.0,-0.026601036507672315,0.02304119914669789,-0.6984159135966479,0.022496513136714014,0.02207396436748442,0.014291998459623381,35.69,35.7620386209903,45.71425897430815,0.05644804402614778,-0.25380772840372867,0,0.0
